"category","thresholdSensitivity","categoryType","feedExpirationDate","feedIsStale","numberOfFollowers","previousInterestRank"
"Allergies",0.35,"Condition","2010-12-13T00:00:00",FALSE,0,1000
"Alzheimers",0.35,"Condition","2010-12-13T00:00:00",FALSE,0,1000
"Arthritis",0.35,"Condition","2010-12-13T00:00:00",FALSE,0,1000
"Asthma",0.35,"Condition","2010-12-13T00:00:00",FALSE,0,1000
"Cholesterol",0.35,"Condition","2010-12-13T00:00:00",FALSE,0,1000
"Chronic Pain",0.35,"Condition","2010-12-13T00:00:00",FALSE,0,1000
"Crohn's Disease",0.35,"Condition","2010-12-13T00:00:00",FALSE,0,1000
"Depression",0.35,"Condition","2010-12-13T00:00:00",FALSE,0,1000
"Diabetes Type 1",0.35,"Condition","2010-12-13T00:00:00",FALSE,0,1000
"Diabetes Type 2",0.35,"Condition","2010-12-13T00:00:00",FALSE,0,1000
"Hearing Loss",0.35,"Condition","2010-12-13T00:00:00",FALSE,0,1000
"Hepatitis C",0.35,"Condition","2010-12-13T00:00:00",FALSE,0,1000
"Liver",0.35,"Condition","2010-12-13T00:00:00",FALSE,0,1000
"Lungs",0.35,"Condition","2010-12-13T00:00:00",FALSE,0,1000
"Menopause",0.35,"Condition","2010-12-13T00:00:00",FALSE,0,1000
"Migraine",0.35,"Condition","2010-12-13T00:00:00",FALSE,0,1000
"Osteoporosis",0.35,"Condition","2010-12-13T00:00:00",FALSE,0,1000
"Rheumatoid Arthritis",0.35,"Condition","2010-12-13T00:00:00",FALSE,0,1000
"Sleep Limitations",0.35,"Condition","2010-12-13T00:00:00",FALSE,0,1000
"Thyroid",0.35,"Condition","2010-12-13T00:00:00",FALSE,0,1000
"Urology",0.35,"Condition","2010-12-13T00:00:00",FALSE,0,1000
"Abdominal Aortic Aneurysm",0.35,"Condition","2010-12-13T00:00:00",FALSE,0,1000
"Achalasia",0.35,"Condition","2010-12-13T00:00:00",FALSE,0,1000
"Achondroplasia",0.35,"Condition","2010-12-13T00:00:00",FALSE,0,1000
"Acne",0.35,"Condition","2010-12-13T00:00:00",FALSE,0,1000
"Actinic Keratosis",0.35,"Condition","2010-12-13T00:00:00",FALSE,0,1000
"Addison Disease",0.35,"Condition","2010-12-13T00:00:00",FALSE,0,1000
"Alcohol Abuse and Alcoholism",0.35,"Condition","2010-12-13T00:00:00",FALSE,0,1000
"Alkaptonuria",0.35,"Condition","2010-12-13T00:00:00",FALSE,0,1000
"Allergic Cascade",0.35,"Condition","2010-12-13T00:00:00",FALSE,0,1000
"Allergy",0.35,"Condition","2010-12-13T00:00:00",FALSE,0,1000
"Alopecia Areata",0.35,"Condition","2010-12-13T00:00:00",FALSE,0,1000
"Alpha 1 Antitrypsin Deficiency",0.35,"Condition","2010-12-13T00:00:00",FALSE,0,1000
"Alpha Thalassemia",0.35,"Condition","2010-12-13T00:00:00",FALSE,0,1000
"Alzheimer's Disease",0.35,"Condition","2010-12-13T00:00:00",FALSE,0,1000
"Amyloidosis",0.35,"Condition","2010-12-13T00:00:00",FALSE,0,1000
"Amyotrophic Lateral Sclerosis",0.35,"Condition","2010-12-13T00:00:00",FALSE,0,1000
"Anaphylaxis",0.35,"Condition","2010-12-13T00:00:00",FALSE,0,1000
"Anemia",0.35,"Condition","2010-12-13T00:00:00",FALSE,0,1000
"Angina",0.35,"Condition","2010-12-13T00:00:00",FALSE,0,1000
"Ankle Pain and Tendinitis",0.35,"Condition","2010-12-13T00:00:00",FALSE,0,1000
"Ankylosing Spondylitis",0.35,"Condition","2010-12-13T00:00:00",FALSE,0,1000
"Anorexia Nervosa",0.35,"Condition","2010-12-13T00:00:00",FALSE,0,1000
"Anthrax",0.35,"Condition","2010-12-13T00:00:00",FALSE,0,1000
"Antiemetics",0.35,"Condition","2010-12-13T00:00:00",FALSE,0,1000
"Antiphospholipid Syndrome",0.35,"Condition","2010-12-13T00:00:00",FALSE,0,1000
"Anxiety",0.35,"Condition","2010-12-13T00:00:00",FALSE,0,1000
"Aortic Stenosis",0.35,"Condition","2010-12-13T00:00:00",FALSE,0,1000
"Appendicitis",0.35,"Condition","2010-12-13T00:00:00",FALSE,0,1000
"Arthritis",0.35,"Condition","2010-12-13T00:00:00",FALSE,0,1000
"Aseptic Necrosis",0.35,"Condition","2010-12-13T00:00:00",FALSE,0,1000
"Asthma",0.35,"Condition","2010-12-13T00:00:00",FALSE,0,1000
"Atopic Dermatitis",0.35,"Condition","2010-12-13T00:00:00",FALSE,0,1000
"Atrial Fibrillation",0.35,"Condition","2010-12-13T00:00:00",FALSE,0,1000
"Attention Deficit Hyperactivity Disorder (ADHD)",0.35,"Condition","2010-12-13T00:00:00",FALSE,0,1000
"Autism",0.35,"Condition","2010-12-13T00:00:00",FALSE,0,1000
"Bacterial Vaginosis",0.35,"Condition","2010-12-13T00:00:00",FALSE,0,1000
"Baker Cyst",0.35,"Condition","2010-12-13T00:00:00",FALSE,0,1000
"Barrett's Esophagus",0.35,"Condition","2010-12-13T00:00:00",FALSE,0,1000
"Behcet's Syndrome",0.35,"Condition","2010-12-13T00:00:00",FALSE,0,1000
"Benign Prostatic Hyperplasia",0.35,"Condition","2010-12-13T00:00:00",FALSE,0,1000
"Bernard-Soulier Disease",0.35,"Condition","2010-12-13T00:00:00",FALSE,0,1000
"Beta Thalassemia",0.35,"Condition","2010-12-13T00:00:00",FALSE,0,1000
"Biological Therapy",0.35,"Condition","2010-12-13T00:00:00",FALSE,0,1000
"Bipolar Disorder",0.35,"Condition","2010-12-13T00:00:00",FALSE,0,1000
"Bladder Cancer",0.35,"Condition","2010-12-13T00:00:00",FALSE,0,1000
"Boils",0.35,"Condition","2010-12-13T00:00:00",FALSE,0,1000
"Bone Cancer",0.35,"Condition","2010-12-13T00:00:00",FALSE,0,1000
"Botulism",0.35,"Condition","2010-12-13T00:00:00",FALSE,0,1000
"Brain Aneurysm",0.35,"Condition","2010-12-13T00:00:00",FALSE,0,1000
"Brain Tumor",0.35,"Condition","2010-12-13T00:00:00",FALSE,0,1000
"Branchial Cyst",0.35,"Condition","2010-12-13T00:00:00",FALSE,0,1000
"Breast Cancer",0.35,"Condition","2010-12-13T00:00:00",FALSE,0,1000
"Bruises",0.35,"Condition","2010-12-13T00:00:00",FALSE,0,1000
"Bulimia",0.35,"Condition","2010-12-13T00:00:00",FALSE,0,1000
"Bullous Pemphigoid",0.35,"Condition","2010-12-13T00:00:00",FALSE,0,1000
"Bunions",0.35,"Condition","2010-12-13T00:00:00",FALSE,0,1000
"Bursitis",0.35,"Condition","2010-12-13T00:00:00",FALSE,0,1000
"Canavan Disease",0.35,"Condition","2010-12-13T00:00:00",FALSE,0,1000
"Cancer",0.35,"Condition","2010-12-13T00:00:00",FALSE,0,1000
"Canker Sores",0.35,"Condition","2010-12-13T00:00:00",FALSE,0,1000
"Cataracts",0.35,"Condition","2010-12-13T00:00:00",FALSE,0,1000
"Cauliflower Ear",0.35,"Condition","2010-12-13T00:00:00",FALSE,0,1000
"Celiac Disease",0.35,"Condition","2010-12-13T00:00:00",FALSE,0,1000
"Cerebral Palsy",0.35,"Condition","2010-12-13T00:00:00",FALSE,0,1000
"Cervical Cancer",0.35,"Condition","2010-12-13T00:00:00",FALSE,0,1000
"Chalazion",0.35,"Condition","2010-12-13T00:00:00",FALSE,0,1000
"Chronic Fatigue Syndrome",0.35,"Condition","2010-12-13T00:00:00",FALSE,0,1000
"COPD",0.35,"Condition","2010-12-13T00:00:00",FALSE,0,1000
"Chronic Pain",0.35,"Condition","2010-12-13T00:00:00",FALSE,0,1000
"Chronic Rhinitis",0.35,"Condition","2010-12-13T00:00:00",FALSE,0,1000
"Churg-Strauss Syndrome",0.35,"Condition","2010-12-13T00:00:00",FALSE,0,1000
"Cirrhosis",0.35,"Condition","2010-12-13T00:00:00",FALSE,0,1000
"Claudication",0.35,"Condition","2010-12-13T00:00:00",FALSE,0,1000
"Cleidocranial Dysplasia",0.35,"Condition","2010-12-13T00:00:00",FALSE,0,1000
"Clostridium Difficile Colitis",0.35,"Condition","2010-12-13T00:00:00",FALSE,0,1000
"Coccydynia",0.35,"Condition","2010-12-13T00:00:00",FALSE,0,1000
"Colon Cancer",0.35,"Condition","2010-12-13T00:00:00",FALSE,0,1000
"Colon Cancer Screening",0.35,"Condition","2010-12-13T00:00:00",FALSE,0,1000
"Colon Polyps",0.35,"Condition","2010-12-13T00:00:00",FALSE,0,1000
"Congestive Heart Failure",0.35,"Condition","2010-12-13T00:00:00",FALSE,0,1000
"Connective Tissue Disease",0.35,"Condition","2010-12-13T00:00:00",FALSE,0,1000
"Corns",0.35,"Condition","2010-12-13T00:00:00",FALSE,0,1000
"Costochondritis and Tietze Syndrome",0.35,"Condition","2010-12-13T00:00:00",FALSE,0,1000
"Coxsackie Virus",0.35,"Condition","2010-12-13T00:00:00",FALSE,0,1000
"Creutzfeldt-Jakob Disease",0.35,"Condition","2010-12-13T00:00:00",FALSE,0,1000
"Crohn's Disease",0.35,"Condition","2010-12-13T00:00:00",FALSE,0,1000
"Cushing's Syndrome",0.35,"Condition","2010-12-13T00:00:00",FALSE,0,1000
"Cuts, Scrapes and Puncture Wounds",0.35,"Condition","2010-12-13T00:00:00",FALSE,0,1000
"Cystic Fibrosis",0.35,"Condition","2010-12-13T00:00:00",FALSE,0,1000
"Cystinuria",0.35,"Condition","2010-12-13T00:00:00",FALSE,0,1000
"De Quervain's Tenosynovitis",0.35,"Condition","2010-12-13T00:00:00",FALSE,0,1000
"Deafness",0.35,"Condition","2010-12-13T00:00:00",FALSE,0,1000
"Deep Vein Thrombosis",0.35,"Condition","2010-12-13T00:00:00",FALSE,0,1000
"Degenerative Disc",0.35,"Condition","2010-12-13T00:00:00",FALSE,0,1000
"Dementia",0.35,"Condition","2010-12-13T00:00:00",FALSE,0,1000
"Diabetes",0.35,"Condition","2010-12-13T00:00:00",FALSE,0,1000
"Diabetes Insipidus",0.35,"Condition","2010-12-13T00:00:00",FALSE,0,1000
"Diffuse Idiopathic Skeletal Hyperostosis",0.35,"Condition","2010-12-13T00:00:00",FALSE,0,1000
"Diverticulosis",0.35,"Condition","2010-12-13T00:00:00",FALSE,0,1000
"Down Syndrome",0.35,"Condition","2010-12-13T00:00:00",FALSE,0,1000
"Dupuytren Contracture",0.35,"Condition","2010-12-13T00:00:00",FALSE,0,1000
"Dyslexia",0.35,"Condition","2010-12-13T00:00:00",FALSE,0,1000
"Dyspepsia",0.35,"Condition","2010-12-13T00:00:00",FALSE,0,1000
"Dystonia",0.35,"Condition","2010-12-13T00:00:00",FALSE,0,1000
"Edema",0.35,"Condition","2010-12-13T00:00:00",FALSE,0,1000
"Ehlers-Danlos Syndrome",0.35,"Condition","2010-12-13T00:00:00",FALSE,0,1000
"Encephalitis and Meningitis",0.35,"Condition","2010-12-13T00:00:00",FALSE,0,1000
"Endocarditis",0.35,"Condition","2010-12-13T00:00:00",FALSE,0,1000
"Endometriosis",0.35,"Condition","2010-12-13T00:00:00",FALSE,0,1000
"Enteroinvasive E. Coli",0.35,"Condition","2010-12-13T00:00:00",FALSE,0,1000
"Eosinophilic Fasciitis",0.35,"Condition","2010-12-13T00:00:00",FALSE,0,1000
"Epilepsy",0.35,"Condition","2010-12-13T00:00:00",FALSE,0,1000
"Erythema Nodosum",0.35,"Condition","2010-12-13T00:00:00",FALSE,0,1000
"Esophageal Cancer",0.35,"Condition","2010-12-13T00:00:00",FALSE,0,1000
"Essential Mixed Cryoglobulinemia",0.35,"Condition","2010-12-13T00:00:00",FALSE,0,1000
"Eustachian Tube Problems",0.35,"Condition","2010-12-13T00:00:00",FALSE,0,1000
"Exercise and Activity",0.35,"Condition","2010-12-13T00:00:00",FALSE,0,1000
"Fabry's Disease",0.35,"Condition","2010-12-13T00:00:00",FALSE,0,1000
"Fainting",0.35,"Condition","2010-12-13T00:00:00",FALSE,0,1000
"Fatty Liver",0.35,"Condition","2010-12-13T00:00:00",FALSE,0,1000
"Felty's Syndrome",0.35,"Condition","2010-12-13T00:00:00",FALSE,0,1000
"Fibrocystic Breast Condition",0.35,"Condition","2010-12-13T00:00:00",FALSE,0,1000
"Fibromyalgia",0.35,"Condition","2010-12-13T00:00:00",FALSE,0,1000
"Gallstones",0.35,"Condition","2010-12-13T00:00:00",FALSE,0,1000
"Ganglion",0.35,"Condition","2010-12-13T00:00:00",FALSE,0,1000
"Gardner Syndrome",0.35,"Condition","2010-12-13T00:00:00",FALSE,0,1000
"Gastroenteritis",0.35,"Condition","2010-12-13T00:00:00",FALSE,0,1000
"Gastroesophageal Reflux Disease (GERD)",0.35,"Condition","2010-12-13T00:00:00",FALSE,0,1000
"Gastroparesis",0.35,"Condition","2010-12-13T00:00:00",FALSE,0,1000
"Gaucher Disease",0.35,"Condition","2010-12-13T00:00:00",FALSE,0,1000
"Genetic Disease",0.35,"Condition","2010-12-13T00:00:00",FALSE,0,1000
"Herpes",0.35,"Condition","2010-12-13T00:00:00",FALSE,0,1000
"German Measles",0.35,"Condition","2010-12-13T00:00:00",FALSE,0,1000
"Giardia Lamblia",0.35,"Condition","2010-12-13T00:00:00",FALSE,0,1000
"Gilbert Syndrome",0.35,"Condition","2010-12-13T00:00:00",FALSE,0,1000
"Glaucoma",0.35,"Condition","2010-12-13T00:00:00",FALSE,0,1000
"Gonorrhea",0.35,"Condition","2010-12-13T00:00:00",FALSE,0,1000
"Gout",0.35,"Condition","2010-12-13T00:00:00",FALSE,0,1000
"Group B Strep",0.35,"Condition","2010-12-13T00:00:00",FALSE,0,1000
"Guillain-Barre Syndrome",0.35,"Condition","2010-12-13T00:00:00",FALSE,0,1000
"Gum Disease",0.35,"Condition","2010-12-13T00:00:00",FALSE,0,1000
"Hair Loss",0.35,"Condition","2010-12-13T00:00:00",FALSE,0,1000
"Hamstring Injury",0.35,"Condition","2010-12-13T00:00:00",FALSE,0,1000
"Hand-Foot-And-Mouth Syndrome",0.35,"Condition","2010-12-13T00:00:00",FALSE,0,1000
"Hay Fever",0.35,"Condition","2010-12-13T00:00:00",FALSE,0,1000
"Head Lice",0.35,"Condition","2010-12-13T00:00:00",FALSE,0,1000
"Headache",0.35,"Condition","2010-12-13T00:00:00",FALSE,0,1000
"Heart Attack",0.35,"Condition","2010-12-13T00:00:00",FALSE,0,1000
"Heart Disease",0.35,"Condition","2010-12-13T00:00:00",FALSE,0,1000
"Heat Cramps",0.35,"Condition","2010-12-13T00:00:00",FALSE,0,1000
"Heat Exhaustion",0.35,"Condition","2010-12-13T00:00:00",FALSE,0,1000
"Heat Stroke",0.35,"Condition","2010-12-13T00:00:00",FALSE,0,1000
"Heel Spurs",0.35,"Condition","2010-12-13T00:00:00",FALSE,0,1000
"Helicobacter Pylori",0.35,"Condition","2010-12-13T00:00:00",FALSE,0,1000
"Hemolytic Uremic Syndrome",0.35,"Condition","2010-12-13T00:00:00",FALSE,0,1000
"Hemorrhoids",0.35,"Condition","2010-12-13T00:00:00",FALSE,0,1000
"Henoch-Schonlein Purpura",0.35,"Condition","2010-12-13T00:00:00",FALSE,0,1000
"Hepatic Hemangioma",0.35,"Condition","2010-12-13T00:00:00",FALSE,0,1000
"Hepatitis B",0.35,"Condition","2010-12-13T00:00:00",FALSE,0,1000
"Hepatitis C",0.35,"Condition","2010-12-13T00:00:00",FALSE,0,1000
"Hepatitis Immunizations",0.35,"Condition","2010-12-13T00:00:00",FALSE,0,1000
"Hernia",0.35,"Condition","2010-12-13T00:00:00",FALSE,0,1000
"Herpes",0.35,"Condition","2010-12-13T00:00:00",FALSE,0,1000
"Hiatal Hernia",0.35,"Condition","2010-12-13T00:00:00",FALSE,0,1000
"Hip Bursitis",0.35,"Condition","2010-12-13T00:00:00",FALSE,0,1000
"Hirschsprung Disease",0.35,"Condition","2010-12-13T00:00:00",FALSE,0,1000
"Hives",0.35,"Condition","2010-12-13T00:00:00",FALSE,0,1000
"Hoarseness",0.35,"Condition","2010-12-13T00:00:00",FALSE,0,1000
"Hodgkins Disease",0.35,"Condition","2010-12-13T00:00:00",FALSE,0,1000
"HIV/AIDS",0.35,"Condition","2010-12-13T00:00:00",FALSE,0,1000
"Huntington Disease",0.35,"Condition","2010-12-13T00:00:00",FALSE,0,1000
"Hydrocephalus",0.35,"Condition","2010-12-13T00:00:00",FALSE,0,1000
"Hydronephrosis",0.35,"Condition","2010-12-13T00:00:00",FALSE,0,1000
"Hydroxyapatite",0.35,"Condition","2010-12-13T00:00:00",FALSE,0,1000
"Hyperkalemia",0.35,"Condition","2010-12-13T00:00:00",FALSE,0,1000
"Hypermobility Syndrome",0.35,"Condition","2010-12-13T00:00:00",FALSE,0,1000
"Hyperparathyroidism",0.35,"Condition","2010-12-13T00:00:00",FALSE,0,1000
"Hypersensitivity Pneumonitis",0.35,"Condition","2010-12-13T00:00:00",FALSE,0,1000
"Hyperthermia",0.35,"Condition","2010-12-13T00:00:00",FALSE,0,1000
"Hyperthyroidism",0.35,"Condition","2010-12-13T00:00:00",FALSE,0,1000
"Hypoglycemia",0.35,"Condition","2010-12-13T00:00:00",FALSE,0,1000
"Hypoparathyroidism",0.35,"Condition","2010-12-13T00:00:00",FALSE,0,1000
"Hypothyroidism",0.35,"Condition","2010-12-13T00:00:00",FALSE,0,1000
"ICU Psychosis",0.35,"Condition","2010-12-13T00:00:00",FALSE,0,1000
"Impetigo",0.35,"Condition","2010-12-13T00:00:00",FALSE,0,1000
"Infectious Mononucleosis",0.35,"Condition","2010-12-13T00:00:00",FALSE,0,1000
"Inflammatory Bowel Disease",0.35,"Condition","2010-12-13T00:00:00",FALSE,0,1000
"Influenza",0.35,"Condition","2010-12-13T00:00:00",FALSE,0,1000
"Insect Sting Allergies",0.35,"Condition","2010-12-13T00:00:00",FALSE,0,1000
"Insulin Resistance",0.35,"Condition","2010-12-13T00:00:00",FALSE,0,1000
"Interstitial Cystitis",0.35,"Condition","2010-12-13T00:00:00",FALSE,0,1000
"Interstitial Pneumonia",0.35,"Condition","2010-12-13T00:00:00",FALSE,0,1000
"Intestinal Gas",0.35,"Condition","2010-12-13T00:00:00",FALSE,0,1000
"Intussusception",0.35,"Condition","2010-12-13T00:00:00",FALSE,0,1000
"Iron Overload",0.35,"Condition","2010-12-13T00:00:00",FALSE,0,1000
"Irritable Bowel Syndrome",0.35,"Condition","2010-12-13T00:00:00",FALSE,0,1000
"Jaundice",0.35,"Condition","2010-12-13T00:00:00",FALSE,0,1000
"Juvenile Arthritis",0.35,"Condition","2010-12-13T00:00:00",FALSE,0,1000
"Kawasaki Disease",0.35,"Condition","2010-12-13T00:00:00",FALSE,0,1000
"Keloid",0.35,"Condition","2010-12-13T00:00:00",FALSE,0,1000
"Kidney Cancer",0.35,"Condition","2010-12-13T00:00:00",FALSE,0,1000
"Kidney Failure",0.35,"Condition","2010-12-13T00:00:00",FALSE,0,1000
"Kidney Stone",0.35,"Condition","2010-12-13T00:00:00",FALSE,0,1000
"Klinefelter Syndrome",0.35,"Condition","2010-12-13T00:00:00",FALSE,0,1000
"Klippel-Trenaunay-Weber Syndrome",0.35,"Condition","2010-12-13T00:00:00",FALSE,0,1000
"Knee Bursitis",0.35,"Condition","2010-12-13T00:00:00",FALSE,0,1000
"Knee Pain",0.35,"Condition","2010-12-13T00:00:00",FALSE,0,1000
"Larynx Cancer",0.35,"Condition","2010-12-13T00:00:00",FALSE,0,1000
"Latex Allergy",0.35,"Condition","2010-12-13T00:00:00",FALSE,0,1000
"Legionnaire Disease and Pontiac Fever",0.35,"Condition","2010-12-13T00:00:00",FALSE,0,1000
"Leptospirosis",0.35,"Condition","2010-12-13T00:00:00",FALSE,0,1000
"Leukemia",0.35,"Condition","2010-12-13T00:00:00",FALSE,0,1000
"Lichen Planus",0.35,"Condition","2010-12-13T00:00:00",FALSE,0,1000
"Liver Cancer",0.35,"Condition","2010-12-13T00:00:00",FALSE,0,1000
"Low Back Pain",0.35,"Condition","2010-12-13T00:00:00",FALSE,0,1000
"Low Blood Pressure",0.35,"Condition","2010-12-13T00:00:00",FALSE,0,1000
"Lung Cancer",0.35,"Condition","2010-12-13T00:00:00",FALSE,0,1000
"Lungs Design And Purpose",0.35,"Condition","2010-12-13T00:00:00",FALSE,0,1000
"Lyme Disease",0.35,"Condition","2010-12-13T00:00:00",FALSE,0,1000
"Lymphocytic Colitis",0.35,"Condition","2010-12-13T00:00:00",FALSE,0,1000
"Macular Degeneration",0.35,"Condition","2010-12-13T00:00:00",FALSE,0,1000
"Malaria",0.35,"Condition","2010-12-13T00:00:00",FALSE,0,1000
"Marfan Syndrome",0.35,"Condition","2010-12-13T00:00:00",FALSE,0,1000
"Measles (Rubeola)",0.35,"Condition","2010-12-13T00:00:00",FALSE,0,1000
"Melanoma",0.35,"Condition","2010-12-13T00:00:00",FALSE,0,1000
"Melanosis Coli",0.35,"Condition","2010-12-13T00:00:00",FALSE,0,1000
"MELAS Syndrome",0.35,"Condition","2010-12-13T00:00:00",FALSE,0,1000
"Melioidosis",0.35,"Condition","2010-12-13T00:00:00",FALSE,0,1000
"Meniere Disease",0.35,"Condition","2010-12-13T00:00:00",FALSE,0,1000
"Meningococcemia",0.35,"Condition","2010-12-13T00:00:00",FALSE,0,1000
"Menopause",0.35,"Condition","2010-12-13T00:00:00",FALSE,0,1000
"Menstrual Cramps",0.35,"Condition","2010-12-13T00:00:00",FALSE,0,1000
"Meralgia Paresthetica",0.35,"Condition","2010-12-13T00:00:00",FALSE,0,1000
"Mesothelioma",0.35,"Condition","2010-12-13T00:00:00",FALSE,0,1000
"Microcephaly",0.35,"Condition","2010-12-13T00:00:00",FALSE,0,1000
"Microsporidiosis",0.35,"Condition","2010-12-13T00:00:00",FALSE,0,1000
"Migraine Headache",0.35,"Condition","2010-12-13T00:00:00",FALSE,0,1000
"Miscarriage",0.35,"Condition","2010-12-13T00:00:00",FALSE,0,1000
"Mitral Valve Prolapse",0.35,"Condition","2010-12-13T00:00:00",FALSE,0,1000
"Mixed Connective Tissue Disease",0.35,"Condition","2010-12-13T00:00:00",FALSE,0,1000
"Monkeypox",0.35,"Condition","2010-12-13T00:00:00",FALSE,0,1000
"Morton's Neuroma",0.35,"Condition","2010-12-13T00:00:00",FALSE,0,1000
"Multiple Myeloma",0.35,"Condition","2010-12-13T00:00:00",FALSE,0,1000
"Multiple Sclerosis",0.35,"Condition","2010-12-13T00:00:00",FALSE,0,1000
"Mumps",0.35,"Condition","2010-12-13T00:00:00",FALSE,0,1000
"Muscle Cramps",0.35,"Condition","2010-12-13T00:00:00",FALSE,0,1000
"Myasthenia Gravis",0.35,"Condition","2010-12-13T00:00:00",FALSE,0,1000
"Mycobacterium Marinum",0.35,"Condition","2010-12-13T00:00:00",FALSE,0,1000
"Myocarditis",0.35,"Condition","2010-12-13T00:00:00",FALSE,0,1000
"Narcolepsy",0.35,"Condition","2010-12-13T00:00:00",FALSE,0,1000
"Nasal Allergy Medications",0.35,"Condition","2010-12-13T00:00:00",FALSE,0,1000
"Neck Pain",0.35,"Condition","2010-12-13T00:00:00",FALSE,0,1000
"Neutropenia",0.35,"Condition","2010-12-13T00:00:00",FALSE,0,1000
"Hearing Loss",0.35,"Condition","2010-12-13T00:00:00",FALSE,0,1000
"Non-Hodgkins Lymphomas",0.35,"Condition","2010-12-13T00:00:00",FALSE,0,1000
"Nonsteroidal Anti-inflammatory Drugs and Ulcers",0.35,"Condition","2010-12-13T00:00:00",FALSE,0,1000
"Noonan Syndrome",0.35,"Condition","2010-12-13T00:00:00",FALSE,0,1000
"Norovirus Infection",0.35,"Condition","2010-12-13T00:00:00",FALSE,0,1000
"Obesity",0.35,"Condition","2010-12-13T00:00:00",FALSE,0,1000
"Oral Cancer",0.35,"Condition","2010-12-13T00:00:00",FALSE,0,1000
"Osgood-Schlatter Disease",0.35,"Condition","2010-12-13T00:00:00",FALSE,0,1000
"Osteoarthritis",0.35,"Condition","2010-12-13T00:00:00",FALSE,0,1000
"Osteochondritis Dissecans",0.35,"Condition","2010-12-13T00:00:00",FALSE,0,1000
"Osteodystrophy",0.35,"Condition","2010-12-13T00:00:00",FALSE,0,1000
"Osteoporosis",0.35,"Condition","2010-12-13T00:00:00",FALSE,0,1000
"Otitis Externa",0.35,"Condition","2010-12-13T00:00:00",FALSE,0,1000
"Otitis Media",0.35,"Condition","2010-12-13T00:00:00",FALSE,0,1000
"Ovarian Cancer",0.35,"Condition","2010-12-13T00:00:00",FALSE,0,1000
"Ovarian Cysts",0.35,"Condition","2010-12-13T00:00:00",FALSE,0,1000
"Overactive Bladder",0.35,"Condition","2010-12-13T00:00:00",FALSE,0,1000
"Paget's Disease",0.35,"Condition","2010-12-13T00:00:00",FALSE,0,1000
"Palpitations",0.35,"Condition","2010-12-13T00:00:00",FALSE,0,1000
"Pancreas Divisum",0.35,"Condition","2010-12-13T00:00:00",FALSE,0,1000
"Pancreatic Cancer",0.35,"Condition","2010-12-13T00:00:00",FALSE,0,1000
"Pancreatitis",0.35,"Condition","2010-12-13T00:00:00",FALSE,0,1000
"Panic Disorder",0.35,"Condition","2010-12-13T00:00:00",FALSE,0,1000
"Parkinson's Disease",0.35,"Condition","2010-12-13T00:00:00",FALSE,0,1000
"Paroxysmal Atrial Tachycardia",0.35,"Condition","2010-12-13T00:00:00",FALSE,0,1000
"Patellofemoral Syndrome",0.35,"Condition","2010-12-13T00:00:00",FALSE,0,1000
"Pendred Syndrome",0.35,"Condition","2010-12-13T00:00:00",FALSE,0,1000
"Penis Cancer",0.35,"Condition","2010-12-13T00:00:00",FALSE,0,1000
"Peptic Ulcer",0.35,"Condition","2010-12-13T00:00:00",FALSE,0,1000
"Pericarditis",0.35,"Condition","2010-12-13T00:00:00",FALSE,0,1000
"Peripheral Neuropathy",0.35,"Condition","2010-12-13T00:00:00",FALSE,0,1000
"Peripheral Vascular Disease",0.35,"Condition","2010-12-13T00:00:00",FALSE,0,1000
"Pernicious Anemia",0.35,"Condition","2010-12-13T00:00:00",FALSE,0,1000
"Pertussis",0.35,"Condition","2010-12-13T00:00:00",FALSE,0,1000
"Phenylketonuria",0.35,"Condition","2010-12-13T00:00:00",FALSE,0,1000
"Pheochromocytoma",0.35,"Condition","2010-12-13T00:00:00",FALSE,0,1000
"Pick Disease",0.35,"Condition","2010-12-13T00:00:00",FALSE,0,1000
"Pink Eye",0.35,"Condition","2010-12-13T00:00:00",FALSE,0,1000
"Pinworm Infection",0.35,"Condition","2010-12-13T00:00:00",FALSE,0,1000
"Pleurisy",0.35,"Condition","2010-12-13T00:00:00",FALSE,0,1000
"Pneumococcal Vaccination",0.35,"Condition","2010-12-13T00:00:00",FALSE,0,1000
"Pneumonia",0.35,"Condition","2010-12-13T00:00:00",FALSE,0,1000
"Pneumothorax",0.35,"Condition","2010-12-13T00:00:00",FALSE,0,1000
"Poison Control Centers",0.35,"Condition","2010-12-13T00:00:00",FALSE,0,1000
"Poison Ivy",0.35,"Condition","2010-12-13T00:00:00",FALSE,0,1000
"Poland Syndrome",0.35,"Condition","2010-12-13T00:00:00",FALSE,0,1000
"Polyarteritis Nodosa",0.35,"Condition","2010-12-13T00:00:00",FALSE,0,1000
"Polycystic Kidney Disease",0.35,"Condition","2010-12-13T00:00:00",FALSE,0,1000
"Polycystic Ovary",0.35,"Condition","2010-12-13T00:00:00",FALSE,0,1000
"Polymyalgia Rheumatica",0.35,"Condition","2010-12-13T00:00:00",FALSE,0,1000
"Polymyositis",0.35,"Condition","2010-12-13T00:00:00",FALSE,0,1000
"Post-Polio Syndrome",0.35,"Condition","2010-12-13T00:00:00",FALSE,0,1000
"Posttraumatic Stress Disorder",0.35,"Condition","2010-12-13T00:00:00",FALSE,0,1000
"Pregnancy Drug Dangers",0.35,"Condition","2010-12-13T00:00:00",FALSE,0,1000
"Pregnancy Induced Hypertension",0.35,"Condition","2010-12-13T00:00:00",FALSE,0,1000
"Pregnancy Planning",0.35,"Condition","2010-12-13T00:00:00",FALSE,0,1000
"Premature Ventricular Contractions",0.35,"Condition","2010-12-13T00:00:00",FALSE,0,1000
"Premenstrual Syndrome",0.35,"Condition","2010-12-13T00:00:00",FALSE,0,1000
"Primary Biliary Cirrhosis",0.35,"Condition","2010-12-13T00:00:00",FALSE,0,1000
"Primary Sclerosing Cholangitis",0.35,"Condition","2010-12-13T00:00:00",FALSE,0,1000
"Prolactinoma",0.35,"Condition","2010-12-13T00:00:00",FALSE,0,1000
"Prostate Cancer",0.35,"Condition","2010-12-13T00:00:00",FALSE,0,1000
"Prostatitis",0.35,"Condition","2010-12-13T00:00:00",FALSE,0,1000
"Pseudogout",0.35,"Condition","2010-12-13T00:00:00",FALSE,0,1000
"Pseudotumor Cerebri",0.35,"Condition","2010-12-13T00:00:00",FALSE,0,1000
"Pseudoxanthoma Elasticum",0.35,"Condition","2010-12-13T00:00:00",FALSE,0,1000
"Psoriasis",0.35,"Condition","2010-12-13T00:00:00",FALSE,0,1000
"Psoriatic Arthritis",0.35,"Condition","2010-12-13T00:00:00",FALSE,0,1000
"Pulmonary Fibrosis",0.35,"Condition","2010-12-13T00:00:00",FALSE,0,1000
"Pulmonary Hypertension",0.35,"Condition","2010-12-13T00:00:00",FALSE,0,1000
"Pycnodysostosis",0.35,"Condition","2010-12-13T00:00:00",FALSE,0,1000
"Rabies",0.35,"Condition","2010-12-13T00:00:00",FALSE,0,1000
"Ramsay Hunt Syndrome",0.35,"Condition","2010-12-13T00:00:00",FALSE,0,1000
"Rash",0.35,"Condition","2010-12-13T00:00:00",FALSE,0,1000
"Raynaud's Phenomenon",0.35,"Condition","2010-12-13T00:00:00",FALSE,0,1000
"Reactive Arthritis",0.35,"Condition","2010-12-13T00:00:00",FALSE,0,1000
"Rectal Bleeding",0.35,"Condition","2010-12-13T00:00:00",FALSE,0,1000
"Reflex Sympathetic Dystrophy Syndrome",0.35,"Condition","2010-12-13T00:00:00",FALSE,0,1000
"Reflux Laryngitis",0.35,"Condition","2010-12-13T00:00:00",FALSE,0,1000
"Relapsing Polychondritis",0.35,"Condition","2010-12-13T00:00:00",FALSE,0,1000
"Renal Artery Stenosis",0.35,"Condition","2010-12-13T00:00:00",FALSE,0,1000
"Respiratory Syncytial Virus",0.35,"Condition","2010-12-13T00:00:00",FALSE,0,1000
"Restless Leg Syndrome",0.35,"Condition","2010-12-13T00:00:00",FALSE,0,1000
"Retinal Detachment",0.35,"Condition","2010-12-13T00:00:00",FALSE,0,1000
"Reye Syndrome",0.35,"Condition","2010-12-13T00:00:00",FALSE,0,1000
"Rheumatoid Arthritis",0.35,"Condition","2010-12-13T00:00:00",FALSE,0,1000
"Rhinoplasty",0.35,"Condition","2010-12-13T00:00:00",FALSE,0,1000
"Ringworm",0.35,"Condition","2010-12-13T00:00:00",FALSE,0,1000
"Rosacea",0.35,"Condition","2010-12-13T00:00:00",FALSE,0,1000
"Roseola",0.35,"Condition","2010-12-13T00:00:00",FALSE,0,1000
"Rotator Cuff",0.35,"Condition","2010-12-13T00:00:00",FALSE,0,1000
"Rotavirus",0.35,"Condition","2010-12-13T00:00:00",FALSE,0,1000
"Rothmund-Thomson Syndrome",0.35,"Condition","2010-12-13T00:00:00",FALSE,0,1000
"SAPHO Syndrome",0.35,"Condition","2010-12-13T00:00:00",FALSE,0,1000
"Sarcoidosis",0.35,"Condition","2010-12-13T00:00:00",FALSE,0,1000
"Scabies",0.35,"Condition","2010-12-13T00:00:00",FALSE,0,1000
"Schatzki Ring",0.35,"Condition","2010-12-13T00:00:00",FALSE,0,1000
"Schizophrenia",0.35,"Condition","2010-12-13T00:00:00",FALSE,0,1000
"Sciatica",0.35,"Condition","2010-12-13T00:00:00",FALSE,0,1000
"Scleroderma",0.35,"Condition","2010-12-13T00:00:00",FALSE,0,1000
"Scoliosis",0.35,"Condition","2010-12-13T00:00:00",FALSE,0,1000
"Seasonal Affective Disorder (SAD)",0.35,"Condition","2010-12-13T00:00:00",FALSE,0,1000
"Seborrhea",0.35,"Condition","2010-12-13T00:00:00",FALSE,0,1000
"Seizure",0.35,"Condition","2010-12-13T00:00:00",FALSE,0,1000
"Sever Condition",0.35,"Condition","2010-12-13T00:00:00",FALSE,0,1000
"Severe Acute Respiratory Syndrome (SARS)",0.35,"Condition","2010-12-13T00:00:00",FALSE,0,1000
"Shin Splints",0.35,"Condition","2010-12-13T00:00:00",FALSE,0,1000
"Shingles",0.35,"Condition","2010-12-13T00:00:00",FALSE,0,1000
"Shoulder Bursitis",0.35,"Condition","2010-12-13T00:00:00",FALSE,0,1000
"Sickle Cell",0.35,"Condition","2010-12-13T00:00:00",FALSE,0,1000
"Sinusitis",0.35,"Condition","2010-12-13T00:00:00",FALSE,0,1000
"Sjogren's Syndrome",0.35,"Condition","2010-12-13T00:00:00",FALSE,0,1000
"Skin Cancer",0.35,"Condition","2010-12-13T00:00:00",FALSE,0,1000
"Skin Tag",0.35,"Condition","2010-12-13T00:00:00",FALSE,0,1000
"Sleep",0.35,"Condition","2010-12-13T00:00:00",FALSE,0,1000
"Sleep Apnea",0.35,"Condition","2010-12-13T00:00:00",FALSE,0,1000
"Smoking",0.35,"Condition","2010-12-13T00:00:00",FALSE,0,1000
"Sore Throat",0.35,"Condition","2010-12-13T00:00:00",FALSE,0,1000
"Spina Bifida and Anencephaly",0.35,"Condition","2010-12-13T00:00:00",FALSE,0,1000
"Sporotrichosis",0.35,"Condition","2010-12-13T00:00:00",FALSE,0,1000
"Staph Infection",0.35,"Condition","2010-12-13T00:00:00",FALSE,0,1000
"Steroid Withdrawal",0.35,"Condition","2010-12-13T00:00:00",FALSE,0,1000
"Still's Disease",0.35,"Condition","2010-12-13T00:00:00",FALSE,0,1000
"Stomach Cancer",0.35,"Condition","2010-12-13T00:00:00",FALSE,0,1000
"Strep Throat",0.35,"Condition","2010-12-13T00:00:00",FALSE,0,1000
"Stress",0.35,"Condition","2010-12-13T00:00:00",FALSE,0,1000
"Stroke",0.35,"Condition","2010-12-13T00:00:00",FALSE,0,1000
"Superior Vena Cava Syndrome",0.35,"Condition","2010-12-13T00:00:00",FALSE,0,1000
"Swallowing",0.35,"Condition","2010-12-13T00:00:00",FALSE,0,1000
"Syphilis In Women",0.35,"Condition","2010-12-13T00:00:00",FALSE,0,1000
"Takayasu Disease",0.35,"Condition","2010-12-13T00:00:00",FALSE,0,1000
"Temporomandibular Joint  Disorder",0.35,"Condition","2010-12-13T00:00:00",FALSE,0,1000
"Testicular Cancer",0.35,"Condition","2010-12-13T00:00:00",FALSE,0,1000
"Tetanus",0.35,"Condition","2010-12-13T00:00:00",FALSE,0,1000
"Thalassemia Syndromes",0.35,"Condition","2010-12-13T00:00:00",FALSE,0,1000
"Thoracic Outlet Syndrome",0.35,"Condition","2010-12-13T00:00:00",FALSE,0,1000
"Thrush",0.35,"Condition","2010-12-13T00:00:00",FALSE,0,1000
"Thyroid Cancer",0.35,"Condition","2010-12-13T00:00:00",FALSE,0,1000
"Thyroiditis",0.35,"Condition","2010-12-13T00:00:00",FALSE,0,1000
"Tinea Versicolor",0.35,"Condition","2010-12-13T00:00:00",FALSE,0,1000
"Tinnitus",0.35,"Condition","2010-12-13T00:00:00",FALSE,0,1000
"Tourette Syndrome",0.35,"Condition","2010-12-13T00:00:00",FALSE,0,1000
"Toxoplasmosis",0.35,"Condition","2010-12-13T00:00:00",FALSE,0,1000
"Tremor",0.35,"Condition","2010-12-13T00:00:00",FALSE,0,1000
"Trichinosis",0.35,"Condition","2010-12-13T00:00:00",FALSE,0,1000
"Tuberculosis",0.35,"Condition","2010-12-13T00:00:00",FALSE,0,1000
"Turner Syndrome",0.35,"Condition","2010-12-13T00:00:00",FALSE,0,1000
"Typhoid Fever",0.35,"Condition","2010-12-13T00:00:00",FALSE,0,1000
"Ulcerative Colitis",0.35,"Condition","2010-12-13T00:00:00",FALSE,0,1000
"Urinary Incontinence",0.35,"Condition","2010-12-13T00:00:00",FALSE,0,1000
"Urine Infection",0.35,"Condition","2010-12-13T00:00:00",FALSE,0,1000
"Usher Syndrome",0.35,"Condition","2010-12-13T00:00:00",FALSE,0,1000
"Uterine Cancer",0.35,"Condition","2010-12-13T00:00:00",FALSE,0,1000
"Uterine Fibroids",0.35,"Condition","2010-12-13T00:00:00",FALSE,0,1000
"Vaginitis",0.35,"Condition","2010-12-13T00:00:00",FALSE,0,1000
"Varicose Veins",0.35,"Condition","2010-12-13T00:00:00",FALSE,0,1000
"Vasculitis",0.35,"Condition","2010-12-13T00:00:00",FALSE,0,1000
"Ventricular Septal Defect",0.35,"Condition","2010-12-13T00:00:00",FALSE,0,1000
"Vestibular Balance Disorders",0.35,"Condition","2010-12-13T00:00:00",FALSE,0,1000
"Viral Hepatitis",0.35,"Condition","2010-12-13T00:00:00",FALSE,0,1000
"Vitiligo",0.35,"Condition","2010-12-13T00:00:00",FALSE,0,1000
"Warts (Common Warts)",0.35,"Condition","2010-12-13T00:00:00",FALSE,0,1000
"Weber-Christian Disease",0.35,"Condition","2010-12-13T00:00:00",FALSE,0,1000
"Wegener's Granulomatosis",0.35,"Condition","2010-12-13T00:00:00",FALSE,0,1000
"West Nile Encephalitis",0.35,"Condition","2010-12-13T00:00:00",FALSE,0,1000
"Wolff-Parkinson-White Syndrome",0.35,"Condition","2010-12-13T00:00:00",FALSE,0,1000
"Wrinkles",0.35,"Condition","2010-12-13T00:00:00",FALSE,0,1000
"Yaws",0.35,"Condition","2010-12-13T00:00:00",FALSE,0,1000
"Yeast Vaginitis",0.35,"Condition","2010-12-13T00:00:00",FALSE,0,1000
"Abacavir Sulfate",0.35,"Therapy","2010-12-13T00:00:00",FALSE,0,1000
"Abacavir Sulfate; Lamivudine",0.35,"Therapy","2010-12-13T00:00:00",FALSE,0,1000
"Acarbose",0.35,"Therapy","2010-12-13T00:00:00",FALSE,0,1000
"Acebutolol Hydrochloride",0.35,"Therapy","2010-12-13T00:00:00",FALSE,0,1000
"Acetaminophen",0.35,"Therapy","2010-12-13T00:00:00",FALSE,0,1000
"Acetazolamide",0.35,"Therapy","2010-12-13T00:00:00",FALSE,0,1000
"Acetazolamide Sodium",0.35,"Therapy","2010-12-13T00:00:00",FALSE,0,1000
"Acetohexamide",0.35,"Therapy","2010-12-13T00:00:00",FALSE,0,1000
"Acetylcysteine",0.35,"Therapy","2010-12-13T00:00:00",FALSE,0,1000
"Acyclovir",0.35,"Therapy","2010-12-13T00:00:00",FALSE,0,1000
"Acyclovir Sodium",0.35,"Therapy","2010-12-13T00:00:00",FALSE,0,1000
"Adapalene",0.35,"Therapy","2010-12-13T00:00:00",FALSE,0,1000
"Adenosine",0.35,"Therapy","2010-12-13T00:00:00",FALSE,0,1000
"Albuterol",0.35,"Therapy","2010-12-13T00:00:00",FALSE,0,1000
"Albuterol Sulfate",0.35,"Therapy","2010-12-13T00:00:00",FALSE,0,1000
"Albuterol Sulfate; Ipratropium Bromide",0.35,"Therapy","2010-12-13T00:00:00",FALSE,0,1000
"Alclometasone Dipropionate",0.35,"Therapy","2010-12-13T00:00:00",FALSE,0,1000
"Alendronate Sodium",0.35,"Therapy","2010-12-13T00:00:00",FALSE,0,1000
"Alfuzosin Hydrochloride",0.35,"Therapy","2010-12-13T00:00:00",FALSE,0,1000
"Allopurinol",0.35,"Therapy","2010-12-13T00:00:00",FALSE,0,1000
"Allopurinol Sodium",0.35,"Therapy","2010-12-13T00:00:00",FALSE,0,1000
"Almotriptan Malate",0.35,"Therapy","2010-12-13T00:00:00",FALSE,0,1000
"Alprazolam",0.35,"Therapy","2010-12-13T00:00:00",FALSE,0,1000
"Alprostadil",0.35,"Therapy","2010-12-13T00:00:00",FALSE,0,1000
"Amantadine Hydrochloride",0.35,"Therapy","2010-12-13T00:00:00",FALSE,0,1000
"Amcinonide",0.35,"Therapy","2010-12-13T00:00:00",FALSE,0,1000
"Amifostine",0.35,"Therapy","2010-12-13T00:00:00",FALSE,0,1000
"Amikacin Sulfate",0.35,"Therapy","2010-12-13T00:00:00",FALSE,0,1000
"Amiloride Hydrochloride",0.35,"Therapy","2010-12-13T00:00:00",FALSE,0,1000
"Aminocaproic Acid",0.35,"Therapy","2010-12-13T00:00:00",FALSE,0,1000
"Aminohippurate Sodium",0.35,"Therapy","2010-12-13T00:00:00",FALSE,0,1000
"Aminophylline",0.35,"Therapy","2010-12-13T00:00:00",FALSE,0,1000
"Amiodarone Hydrochloride",0.35,"Therapy","2010-12-13T00:00:00",FALSE,0,1000
"Amitriptyline Hydrochloride",0.35,"Therapy","2010-12-13T00:00:00",FALSE,0,1000
"Amlexanox",0.35,"Therapy","2010-12-13T00:00:00",FALSE,0,1000
"Amlodipine Besylate",0.35,"Therapy","2010-12-13T00:00:00",FALSE,0,1000
"Amlodipine Besylate And Benazepril Hydrochloride",0.35,"Therapy","2010-12-13T00:00:00",FALSE,0,1000
"Amlodipine Besylate; Benazepril Hydrochloride",0.35,"Therapy","2010-12-13T00:00:00",FALSE,0,1000
"Amlodipine Maleate; Benazepril Hydrochloride",0.35,"Therapy","2010-12-13T00:00:00",FALSE,0,1000
"Amlodipine; Valsartan",0.35,"Therapy","2010-12-13T00:00:00",FALSE,0,1000
"Ammonium Chloride",0.35,"Therapy","2010-12-13T00:00:00",FALSE,0,1000
"Ammonium Lactate",0.35,"Therapy","2010-12-13T00:00:00",FALSE,0,1000
"Amoxapine",0.35,"Therapy","2010-12-13T00:00:00",FALSE,0,1000
"Amoxicillin",0.35,"Therapy","2010-12-13T00:00:00",FALSE,0,1000
"Amphetamine Sulfate",0.35,"Therapy","2010-12-13T00:00:00",FALSE,0,1000
"Amphotericin B",0.35,"Therapy","2010-12-13T00:00:00",FALSE,0,1000
"Ampicillin Sodium",0.35,"Therapy","2010-12-13T00:00:00",FALSE,0,1000
"Anagrelide Hydrochloride",0.35,"Therapy","2010-12-13T00:00:00",FALSE,0,1000
"Anastrozole",0.35,"Therapy","2010-12-13T00:00:00",FALSE,0,1000
"Anisotropine Methylbromide",0.35,"Therapy","2010-12-13T00:00:00",FALSE,0,1000
"Apraclonidine Hydrochloride",0.35,"Therapy","2010-12-13T00:00:00",FALSE,0,1000
"Argatroban",0.35,"Therapy","2010-12-13T00:00:00",FALSE,0,1000
"Arsenic Trioxide",0.35,"Therapy","2010-12-13T00:00:00",FALSE,0,1000
"Atazanavir Sulfate",0.35,"Therapy","2010-12-13T00:00:00",FALSE,0,1000
"Atenolol",0.35,"Therapy","2010-12-13T00:00:00",FALSE,0,1000
"Atomoxetine Hydrochloride",0.35,"Therapy","2010-12-13T00:00:00",FALSE,0,1000
"Atracurium Besylate",0.35,"Therapy","2010-12-13T00:00:00",FALSE,0,1000
"Atropine",0.35,"Therapy","2010-12-13T00:00:00",FALSE,0,1000
"Atropine Sulfate",0.35,"Therapy","2010-12-13T00:00:00",FALSE,0,1000
"Azathioprine",0.35,"Therapy","2010-12-13T00:00:00",FALSE,0,1000
"Azathioprine Sodium",0.35,"Therapy","2010-12-13T00:00:00",FALSE,0,1000
"Azelastine Hydrochloride",0.35,"Therapy","2010-12-13T00:00:00",FALSE,0,1000
"Azithromycin",0.35,"Therapy","2010-12-13T00:00:00",FALSE,0,1000
"Aztreonam",0.35,"Therapy","2010-12-13T00:00:00",FALSE,0,1000
"Bacitracin",0.35,"Therapy","2010-12-13T00:00:00",FALSE,0,1000
"Baclofen",0.35,"Therapy","2010-12-13T00:00:00",FALSE,0,1000
"Balsalazide Disodium",0.35,"Therapy","2010-12-13T00:00:00",FALSE,0,1000
"Benazepril Hydrochloride",0.35,"Therapy","2010-12-13T00:00:00",FALSE,0,1000
"Benoxinate Hydrochloride",0.35,"Therapy","2010-12-13T00:00:00",FALSE,0,1000
"Benzonatate",0.35,"Therapy","2010-12-13T00:00:00",FALSE,0,1000
"Benzphetamine Hydrochloride",0.35,"Therapy","2010-12-13T00:00:00",FALSE,0,1000
"Benzthiazide",0.35,"Therapy","2010-12-13T00:00:00",FALSE,0,1000
"Benztropine Mesylate",0.35,"Therapy","2010-12-13T00:00:00",FALSE,0,1000
"Benzyl Benzoate",0.35,"Therapy","2010-12-13T00:00:00",FALSE,0,1000
"Betamethasone Dipropionate",0.35,"Therapy","2010-12-13T00:00:00",FALSE,0,1000
"Betamethasone Sodium Phosphate",0.35,"Therapy","2010-12-13T00:00:00",FALSE,0,1000
"Betamethasone Valerate",0.35,"Therapy","2010-12-13T00:00:00",FALSE,0,1000
"Betaxolol Hydrochloride",0.35,"Therapy","2010-12-13T00:00:00",FALSE,0,1000
"Bethanechol Chloride",0.35,"Therapy","2010-12-13T00:00:00",FALSE,0,1000
"Bicalutamide",0.35,"Therapy","2010-12-13T00:00:00",FALSE,0,1000
"Bimatoprost",0.35,"Therapy","2010-12-13T00:00:00",FALSE,0,1000
"Bisoprolol Fumarate",0.35,"Therapy","2010-12-13T00:00:00",FALSE,0,1000
"Bleomycin Sulfate",0.35,"Therapy","2010-12-13T00:00:00",FALSE,0,1000
"Bretylium Tosylate",0.35,"Therapy","2010-12-13T00:00:00",FALSE,0,1000
"Brimonidine Tartrate",0.35,"Therapy","2010-12-13T00:00:00",FALSE,0,1000
"Brimonidine Tartrate; Timolol Maleate",0.35,"Therapy","2010-12-13T00:00:00",FALSE,0,1000
"Bromocriptine Mesylate",0.35,"Therapy","2010-12-13T00:00:00",FALSE,0,1000
"Brompheniramine Maleate",0.35,"Therapy","2010-12-13T00:00:00",FALSE,0,1000
"Budesonide",0.35,"Therapy","2010-12-13T00:00:00",FALSE,0,1000
"Bumetanide",0.35,"Therapy","2010-12-13T00:00:00",FALSE,0,1000
"Bupivacaine Hydrochloride",0.35,"Therapy","2010-12-13T00:00:00",FALSE,0,1000
"Buprenorphine Hydrochloride",0.35,"Therapy","2010-12-13T00:00:00",FALSE,0,1000
"Bupropion Hydrochloride",0.35,"Therapy","2010-12-13T00:00:00",FALSE,0,1000
"Buspirone Hydrochloride",0.35,"Therapy","2010-12-13T00:00:00",FALSE,0,1000
"Butabarbital Sodium",0.35,"Therapy","2010-12-13T00:00:00",FALSE,0,1000
"Butorphanol Tartrate",0.35,"Therapy","2010-12-13T00:00:00",FALSE,0,1000
"Cabergoline",0.35,"Therapy","2010-12-13T00:00:00",FALSE,0,1000
"Caffeine Citrate",0.35,"Therapy","2010-12-13T00:00:00",FALSE,0,1000
"Calcipotriene",0.35,"Therapy","2010-12-13T00:00:00",FALSE,0,1000
"Calcitriol",0.35,"Therapy","2010-12-13T00:00:00",FALSE,0,1000
"Calcium Acetate",0.35,"Therapy","2010-12-13T00:00:00",FALSE,0,1000
"Calcium Gluceptate",0.35,"Therapy","2010-12-13T00:00:00",FALSE,0,1000
"Candesartan Cilexetil",0.35,"Therapy","2010-12-13T00:00:00",FALSE,0,1000
"Captopril",0.35,"Therapy","2010-12-13T00:00:00",FALSE,0,1000
"Carbachol",0.35,"Therapy","2010-12-13T00:00:00",FALSE,0,1000
"Carbamazepine",0.35,"Therapy","2010-12-13T00:00:00",FALSE,0,1000
"Carbidopa; Levodopa; Entacapone",0.35,"Therapy","2010-12-13T00:00:00",FALSE,0,1000
"Carbinoxamine Maleate",0.35,"Therapy","2010-12-13T00:00:00",FALSE,0,1000
"Carboplatin",0.35,"Therapy","2010-12-13T00:00:00",FALSE,0,1000
"Carisoprodol",0.35,"Therapy","2010-12-13T00:00:00",FALSE,0,1000
"Carteolol Hydrochloride",0.35,"Therapy","2010-12-13T00:00:00",FALSE,0,1000
"Carvedilol",0.35,"Therapy","2010-12-13T00:00:00",FALSE,0,1000
"Cefaclor",0.35,"Therapy","2010-12-13T00:00:00",FALSE,0,1000
"Cefazolin Sodium",0.35,"Therapy","2010-12-13T00:00:00",FALSE,0,1000
"Cefdinir",0.35,"Therapy","2010-12-13T00:00:00",FALSE,0,1000
"Cefepime Hydrochloride",0.35,"Therapy","2010-12-13T00:00:00",FALSE,0,1000
"Cefotaxime Sodium",0.35,"Therapy","2010-12-13T00:00:00",FALSE,0,1000
"Cefpiramide Sodium",0.35,"Therapy","2010-12-13T00:00:00",FALSE,0,1000
"Cefpodoxime Proxetil",0.35,"Therapy","2010-12-13T00:00:00",FALSE,0,1000
"Cefprozil",0.35,"Therapy","2010-12-13T00:00:00",FALSE,0,1000
"Ceftazidime",0.35,"Therapy","2010-12-13T00:00:00",FALSE,0,1000
"Cefuroxime",0.35,"Therapy","2010-12-13T00:00:00",FALSE,0,1000
"Cefuroxime Axetil",0.35,"Therapy","2010-12-13T00:00:00",FALSE,0,1000
"Cefuroxime Sodium",0.35,"Therapy","2010-12-13T00:00:00",FALSE,0,1000
"Cephalexin",0.35,"Therapy","2010-12-13T00:00:00",FALSE,0,1000
"Cephalothin Sodium",0.35,"Therapy","2010-12-13T00:00:00",FALSE,0,1000
"Cephapirin Sodium",0.35,"Therapy","2010-12-13T00:00:00",FALSE,0,1000
"Cephradine",0.35,"Therapy","2010-12-13T00:00:00",FALSE,0,1000
"Cetirizine Hydrochloride",0.35,"Therapy","2010-12-13T00:00:00",FALSE,0,1000
"Chenodiol",0.35,"Therapy","2010-12-13T00:00:00",FALSE,0,1000
"Chloramphenicol",0.35,"Therapy","2010-12-13T00:00:00",FALSE,0,1000
"Chloramphenicol Sodium Succinate",0.35,"Therapy","2010-12-13T00:00:00",FALSE,0,1000
"Chlordiazepoxide Hydrochloride",0.35,"Therapy","2010-12-13T00:00:00",FALSE,0,1000
"Chlorhexidine Gluconate",0.35,"Therapy","2010-12-13T00:00:00",FALSE,0,1000
"Chloroprocaine Hydrochloride",0.35,"Therapy","2010-12-13T00:00:00",FALSE,0,1000
"Chloroquine Phosphate",0.35,"Therapy","2010-12-13T00:00:00",FALSE,0,1000
"Chlorothiazide",0.35,"Therapy","2010-12-13T00:00:00",FALSE,0,1000
"Chlorothiazide Sodium",0.35,"Therapy","2010-12-13T00:00:00",FALSE,0,1000
"Chlorotrianisene",0.35,"Therapy","2010-12-13T00:00:00",FALSE,0,1000
"Chlorpheniramine Maleate",0.35,"Therapy","2010-12-13T00:00:00",FALSE,0,1000
"Chlorpromazine Hydrochloride",0.35,"Therapy","2010-12-13T00:00:00",FALSE,0,1000
"Chlorpropamide",0.35,"Therapy","2010-12-13T00:00:00",FALSE,0,1000
"Chlorthalidone",0.35,"Therapy","2010-12-13T00:00:00",FALSE,0,1000
"Chlorzoxazone",0.35,"Therapy","2010-12-13T00:00:00",FALSE,0,1000
"Cholestyramine",0.35,"Therapy","2010-12-13T00:00:00",FALSE,0,1000
"Chromic Chloride",0.35,"Therapy","2010-12-13T00:00:00",FALSE,0,1000
"Ciclopirox",0.35,"Therapy","2010-12-13T00:00:00",FALSE,0,1000
"Cilostazol",0.35,"Therapy","2010-12-13T00:00:00",FALSE,0,1000
"Cimetidine",0.35,"Therapy","2010-12-13T00:00:00",FALSE,0,1000
"Cimetidine Hydrochloride",0.35,"Therapy","2010-12-13T00:00:00",FALSE,0,1000
"Cinacalcet Hydrochloride",0.35,"Therapy","2010-12-13T00:00:00",FALSE,0,1000
"Cinoxacin",0.35,"Therapy","2010-12-13T00:00:00",FALSE,0,1000
"Ciprofloxacin",0.35,"Therapy","2010-12-13T00:00:00",FALSE,0,1000
"Ciprofloxacin Hydrochloride",0.35,"Therapy","2010-12-13T00:00:00",FALSE,0,1000
"Cisplatin",0.35,"Therapy","2010-12-13T00:00:00",FALSE,0,1000
"Citalopram Hydrobromide",0.35,"Therapy","2010-12-13T00:00:00",FALSE,0,1000
"Cladribine",0.35,"Therapy","2010-12-13T00:00:00",FALSE,0,1000
"Clarithromycin",0.35,"Therapy","2010-12-13T00:00:00",FALSE,0,1000
"Clemastine Fumarate",0.35,"Therapy","2010-12-13T00:00:00",FALSE,0,1000
"Clindamycin Hydrochloride",0.35,"Therapy","2010-12-13T00:00:00",FALSE,0,1000
"Clindamycin Palmitate Hydrochloride",0.35,"Therapy","2010-12-13T00:00:00",FALSE,0,1000
"Clindamycin Phosphate",0.35,"Therapy","2010-12-13T00:00:00",FALSE,0,1000
"Clobetasol Propionate",0.35,"Therapy","2010-12-13T00:00:00",FALSE,0,1000
"Clofibrate",0.35,"Therapy","2010-12-13T00:00:00",FALSE,0,1000
"Clomiphene Citrate",0.35,"Therapy","2010-12-13T00:00:00",FALSE,0,1000
"Clomipramine Hydrochloride",0.35,"Therapy","2010-12-13T00:00:00",FALSE,0,1000
"Clonazepam",0.35,"Therapy","2010-12-13T00:00:00",FALSE,0,1000
"Clonidine",0.35,"Therapy","2010-12-13T00:00:00",FALSE,0,1000
"Clonidine Hydrochloride",0.35,"Therapy","2010-12-13T00:00:00",FALSE,0,1000
"Clopidogrel",0.35,"Therapy","2010-12-13T00:00:00",FALSE,0,1000
"Clopidogrel Bisulfate",0.35,"Therapy","2010-12-13T00:00:00",FALSE,0,1000
"Clorazepate Dipotassium",0.35,"Therapy","2010-12-13T00:00:00",FALSE,0,1000
"Clotrimazole",0.35,"Therapy","2010-12-13T00:00:00",FALSE,0,1000
"Cloxacillin Sodium",0.35,"Therapy","2010-12-13T00:00:00",FALSE,0,1000
"Clozapine",0.35,"Therapy","2010-12-13T00:00:00",FALSE,0,1000
"Codeine Sulfate",0.35,"Therapy","2010-12-13T00:00:00",FALSE,0,1000
"Colestipol Hydrochloride",0.35,"Therapy","2010-12-13T00:00:00",FALSE,0,1000
"Colistimethate Sodium",0.35,"Therapy","2010-12-13T00:00:00",FALSE,0,1000
"Corticotropin",0.35,"Therapy","2010-12-13T00:00:00",FALSE,0,1000
"Cortisone Acetate",0.35,"Therapy","2010-12-13T00:00:00",FALSE,0,1000
"Cosyntropin",0.35,"Therapy","2010-12-13T00:00:00",FALSE,0,1000
"Cromolyn Sodium",0.35,"Therapy","2010-12-13T00:00:00",FALSE,0,1000
"Cupric Sulfate",0.35,"Therapy","2010-12-13T00:00:00",FALSE,0,1000
"Cyanocobalamin",0.35,"Therapy","2010-12-13T00:00:00",FALSE,0,1000
"Cyclacillin",0.35,"Therapy","2010-12-13T00:00:00",FALSE,0,1000
"Cyclobenzaprine Hydrochloride",0.35,"Therapy","2010-12-13T00:00:00",FALSE,0,1000
"Cyclopentolate Hydrochloride",0.35,"Therapy","2010-12-13T00:00:00",FALSE,0,1000
"Cyclophosphamide",0.35,"Therapy","2010-12-13T00:00:00",FALSE,0,1000
"Cyclosporine",0.35,"Therapy","2010-12-13T00:00:00",FALSE,0,1000
"Cyproheptadine Hydrochloride",0.35,"Therapy","2010-12-13T00:00:00",FALSE,0,1000
"Cysteine Hydrochloride",0.35,"Therapy","2010-12-13T00:00:00",FALSE,0,1000
"Cytarabine",0.35,"Therapy","2010-12-13T00:00:00",FALSE,0,1000
"Dacarbazine",0.35,"Therapy","2010-12-13T00:00:00",FALSE,0,1000
"Dactinomycin",0.35,"Therapy","2010-12-13T00:00:00",FALSE,0,1000
"Danazol",0.35,"Therapy","2010-12-13T00:00:00",FALSE,0,1000
"Dantrolene Sodium",0.35,"Therapy","2010-12-13T00:00:00",FALSE,0,1000
"Dapsone",0.35,"Therapy","2010-12-13T00:00:00",FALSE,0,1000
"Daunorubicin Hydrochloride",0.35,"Therapy","2010-12-13T00:00:00",FALSE,0,1000
"Deferoxamine Mesylate",0.35,"Therapy","2010-12-13T00:00:00",FALSE,0,1000
"Demeclocycline Hydrochloride",0.35,"Therapy","2010-12-13T00:00:00",FALSE,0,1000
"Desipramine Hydrochloride",0.35,"Therapy","2010-12-13T00:00:00",FALSE,0,1000
"Desloratadine",0.35,"Therapy","2010-12-13T00:00:00",FALSE,0,1000
"Desmopressin Acetate",0.35,"Therapy","2010-12-13T00:00:00",FALSE,0,1000
"Desogestrel; Ethinyl Estradiol",0.35,"Therapy","2010-12-13T00:00:00",FALSE,0,1000
"Desonide",0.35,"Therapy","2010-12-13T00:00:00",FALSE,0,1000
"Desoximetasone",0.35,"Therapy","2010-12-13T00:00:00",FALSE,0,1000
"Dexamethasone",0.35,"Therapy","2010-12-13T00:00:00",FALSE,0,1000
"Dexamethasone Acetate",0.35,"Therapy","2010-12-13T00:00:00",FALSE,0,1000
"Dexamethasone Sodium Phosphate",0.35,"Therapy","2010-12-13T00:00:00",FALSE,0,1000
"Dexchlorpheniramine Maleate",0.35,"Therapy","2010-12-13T00:00:00",FALSE,0,1000
"Dexmethylphenidate Hydrochloride",0.35,"Therapy","2010-12-13T00:00:00",FALSE,0,1000
"Dexrazoxane Hydrochloride",0.35,"Therapy","2010-12-13T00:00:00",FALSE,0,1000
"Dextroamphetamine Sulfate",0.35,"Therapy","2010-12-13T00:00:00",FALSE,0,1000
"Diatrizoate Meglumine",0.35,"Therapy","2010-12-13T00:00:00",FALSE,0,1000
"Diazepam",0.35,"Therapy","2010-12-13T00:00:00",FALSE,0,1000
"Diazoxide",0.35,"Therapy","2010-12-13T00:00:00",FALSE,0,1000
"Diclofenac Potassium",0.35,"Therapy","2010-12-13T00:00:00",FALSE,0,1000
"Diclofenac Sodium",0.35,"Therapy","2010-12-13T00:00:00",FALSE,0,1000
"Dicloxacillin Sodium",0.35,"Therapy","2010-12-13T00:00:00",FALSE,0,1000
"Dicumarol",0.35,"Therapy","2010-12-13T00:00:00",FALSE,0,1000
"Dicyclomine Hydrochloride",0.35,"Therapy","2010-12-13T00:00:00",FALSE,0,1000
"Didanosine",0.35,"Therapy","2010-12-13T00:00:00",FALSE,0,1000
"Dienestrol",0.35,"Therapy","2010-12-13T00:00:00",FALSE,0,1000
"Diethylpropion Hydrochloride",0.35,"Therapy","2010-12-13T00:00:00",FALSE,0,1000
"Diethylstilbestrol",0.35,"Therapy","2010-12-13T00:00:00",FALSE,0,1000
"Diflorasone Diacetate",0.35,"Therapy","2010-12-13T00:00:00",FALSE,0,1000
"Diflunisal",0.35,"Therapy","2010-12-13T00:00:00",FALSE,0,1000
"Digoxin",0.35,"Therapy","2010-12-13T00:00:00",FALSE,0,1000
"Dihydroergotamine Mesylate",0.35,"Therapy","2010-12-13T00:00:00",FALSE,0,1000
"Diltiazem Hydrochloride",0.35,"Therapy","2010-12-13T00:00:00",FALSE,0,1000
"Dimenhydrinate",0.35,"Therapy","2010-12-13T00:00:00",FALSE,0,1000
"Dimethyl Sulfoxide",0.35,"Therapy","2010-12-13T00:00:00",FALSE,0,1000
"Diphenhydramine Hydrochloride",0.35,"Therapy","2010-12-13T00:00:00",FALSE,0,1000
"Dipivefrin Hydrochloride",0.35,"Therapy","2010-12-13T00:00:00",FALSE,0,1000
"Dipyridamole",0.35,"Therapy","2010-12-13T00:00:00",FALSE,0,1000
"Disopyramide Phosphate",0.35,"Therapy","2010-12-13T00:00:00",FALSE,0,1000
"Disulfiram",0.35,"Therapy","2010-12-13T00:00:00",FALSE,0,1000
"Divalproex Sodium",0.35,"Therapy","2010-12-13T00:00:00",FALSE,0,1000
"Dobutamine Hydrochloride",0.35,"Therapy","2010-12-13T00:00:00",FALSE,0,1000
"Docetaxel",0.35,"Therapy","2010-12-13T00:00:00",FALSE,0,1000
"Donepezil Hydrochloride",0.35,"Therapy","2010-12-13T00:00:00",FALSE,0,1000
"Dopamine Hydrochloride",0.35,"Therapy","2010-12-13T00:00:00",FALSE,0,1000
"Dorzolamide Hydrochloride",0.35,"Therapy","2010-12-13T00:00:00",FALSE,0,1000
"Doxapram Hydrochloride",0.35,"Therapy","2010-12-13T00:00:00",FALSE,0,1000
"Doxazosin Mesylate",0.35,"Therapy","2010-12-13T00:00:00",FALSE,0,1000
"Doxepin Hydrochloride",0.35,"Therapy","2010-12-13T00:00:00",FALSE,0,1000
"Doxercalciferol",0.35,"Therapy","2010-12-13T00:00:00",FALSE,0,1000
"Doxorubicin Hydrochloride",0.35,"Therapy","2010-12-13T00:00:00",FALSE,0,1000
"Doxycycline",0.35,"Therapy","2010-12-13T00:00:00",FALSE,0,1000
"Doxycycline Hyclate",0.35,"Therapy","2010-12-13T00:00:00",FALSE,0,1000
"Doxylamine Succinate",0.35,"Therapy","2010-12-13T00:00:00",FALSE,0,1000
"Dronabinol",0.35,"Therapy","2010-12-13T00:00:00",FALSE,0,1000
"Droperidol",0.35,"Therapy","2010-12-13T00:00:00",FALSE,0,1000
"Duloxetine Hydrochloride",0.35,"Therapy","2010-12-13T00:00:00",FALSE,0,1000
"Dutasteride",0.35,"Therapy","2010-12-13T00:00:00",FALSE,0,1000
"Econazole Nitrate",0.35,"Therapy","2010-12-13T00:00:00",FALSE,0,1000
"Edetate Disodium",0.35,"Therapy","2010-12-13T00:00:00",FALSE,0,1000
"Edrophonium Chloride",0.35,"Therapy","2010-12-13T00:00:00",FALSE,0,1000
"Efavirenz",0.35,"Therapy","2010-12-13T00:00:00",FALSE,0,1000
"Efavirenz; Emtricitabine; Tenofovir Disoproxil Fumarate",0.35,"Therapy","2010-12-13T00:00:00",FALSE,0,1000
"Emtricitabine",0.35,"Therapy","2010-12-13T00:00:00",FALSE,0,1000
"Emtricitabine; Tenofovir Disoproxil Fumarate",0.35,"Therapy","2010-12-13T00:00:00",FALSE,0,1000
"Enalapril Maleate",0.35,"Therapy","2010-12-13T00:00:00",FALSE,0,1000
"Enalaprilat",0.35,"Therapy","2010-12-13T00:00:00",FALSE,0,1000
"Enflurane",0.35,"Therapy","2010-12-13T00:00:00",FALSE,0,1000
"Epinastine Hydrochloride",0.35,"Therapy","2010-12-13T00:00:00",FALSE,0,1000
"Epinephrine",0.35,"Therapy","2010-12-13T00:00:00",FALSE,0,1000
"Epirubicin Hydrochloride",0.35,"Therapy","2010-12-13T00:00:00",FALSE,0,1000
"Eplerenone",0.35,"Therapy","2010-12-13T00:00:00",FALSE,0,1000
"Epoprostenol Sodium",0.35,"Therapy","2010-12-13T00:00:00",FALSE,0,1000
"Ergocalciferol",0.35,"Therapy","2010-12-13T00:00:00",FALSE,0,1000
"Ergoloid Mesylates",0.35,"Therapy","2010-12-13T00:00:00",FALSE,0,1000
"Erlotinib Hydrochloride",0.35,"Therapy","2010-12-13T00:00:00",FALSE,0,1000
"Erythromycin",0.35,"Therapy","2010-12-13T00:00:00",FALSE,0,1000
"Erythromycin Estolate",0.35,"Therapy","2010-12-13T00:00:00",FALSE,0,1000
"Erythromycin Ethylsuccinate",0.35,"Therapy","2010-12-13T00:00:00",FALSE,0,1000
"Erythromycin Lactobionate",0.35,"Therapy","2010-12-13T00:00:00",FALSE,0,1000
"Erythromycin Stearate",0.35,"Therapy","2010-12-13T00:00:00",FALSE,0,1000
"Escitalopram Oxalate",0.35,"Therapy","2010-12-13T00:00:00",FALSE,0,1000
"Esmolol Hydrochloride",0.35,"Therapy","2010-12-13T00:00:00",FALSE,0,1000
"Esomeprazole Magnesium",0.35,"Therapy","2010-12-13T00:00:00",FALSE,0,1000
"Estazolam",0.35,"Therapy","2010-12-13T00:00:00",FALSE,0,1000
"Estradiol",0.35,"Therapy","2010-12-13T00:00:00",FALSE,0,1000
"Estradiol Cypionate",0.35,"Therapy","2010-12-13T00:00:00",FALSE,0,1000
"Estradiol Valerate",0.35,"Therapy","2010-12-13T00:00:00",FALSE,0,1000
"Estrone",0.35,"Therapy","2010-12-13T00:00:00",FALSE,0,1000
"Estropipate",0.35,"Therapy","2010-12-13T00:00:00",FALSE,0,1000
"Eszopiclone",0.35,"Therapy","2010-12-13T00:00:00",FALSE,0,1000
"Ethambutol Hydrochloride",0.35,"Therapy","2010-12-13T00:00:00",FALSE,0,1000
"Ethchlorvynol",0.35,"Therapy","2010-12-13T00:00:00",FALSE,0,1000
"Ethosuximide",0.35,"Therapy","2010-12-13T00:00:00",FALSE,0,1000
"Etidronate Disodium",0.35,"Therapy","2010-12-13T00:00:00",FALSE,0,1000
"Etodolac",0.35,"Therapy","2010-12-13T00:00:00",FALSE,0,1000
"Etomidate",0.35,"Therapy","2010-12-13T00:00:00",FALSE,0,1000
"Etoposide",0.35,"Therapy","2010-12-13T00:00:00",FALSE,0,1000
"Evans Blue",0.35,"Therapy","2010-12-13T00:00:00",FALSE,0,1000
"Exemestane",0.35,"Therapy","2010-12-13T00:00:00",FALSE,0,1000
"Ezetimibe",0.35,"Therapy","2010-12-13T00:00:00",FALSE,0,1000
"Famciclovir",0.35,"Therapy","2010-12-13T00:00:00",FALSE,0,1000
"Famotidine",0.35,"Therapy","2010-12-13T00:00:00",FALSE,0,1000
"Felodipine",0.35,"Therapy","2010-12-13T00:00:00",FALSE,0,1000
"Fenofibrate",0.35,"Therapy","2010-12-13T00:00:00",FALSE,0,1000
"Fenoldopam Mesylate",0.35,"Therapy","2010-12-13T00:00:00",FALSE,0,1000
"Fenoprofen Calcium",0.35,"Therapy","2010-12-13T00:00:00",FALSE,0,1000
"Fentanyl",0.35,"Therapy","2010-12-13T00:00:00",FALSE,0,1000
"Fentanyl Citrate",0.35,"Therapy","2010-12-13T00:00:00",FALSE,0,1000
"Fexofenadine Hydrochloride",0.35,"Therapy","2010-12-13T00:00:00",FALSE,0,1000
"Fexofenadine Hydrochloride; Pseudoephedrine Hydrochloride",0.35,"Therapy","2010-12-13T00:00:00",FALSE,0,1000
"Finasteride",0.35,"Therapy","2010-12-13T00:00:00",FALSE,0,1000
"Flavoxate Hydrochloride",0.35,"Therapy","2010-12-13T00:00:00",FALSE,0,1000
"Flecainide Acetate",0.35,"Therapy","2010-12-13T00:00:00",FALSE,0,1000
"Floxuridine",0.35,"Therapy","2010-12-13T00:00:00",FALSE,0,1000
"Fluconazole",0.35,"Therapy","2010-12-13T00:00:00",FALSE,0,1000
"Fludarabine Phosphate",0.35,"Therapy","2010-12-13T00:00:00",FALSE,0,1000
"Fludrocortisone Acetate",0.35,"Therapy","2010-12-13T00:00:00",FALSE,0,1000
"Flumazenil",0.35,"Therapy","2010-12-13T00:00:00",FALSE,0,1000
"Flunisolide",0.35,"Therapy","2010-12-13T00:00:00",FALSE,0,1000
"Fluocinolone Acetonide",0.35,"Therapy","2010-12-13T00:00:00",FALSE,0,1000
"Fluocinonide",0.35,"Therapy","2010-12-13T00:00:00",FALSE,0,1000
"Fluorouracil",0.35,"Therapy","2010-12-13T00:00:00",FALSE,0,1000
"Fluoxetine Hydrochloride",0.35,"Therapy","2010-12-13T00:00:00",FALSE,0,1000
"Fluoxymesterone",0.35,"Therapy","2010-12-13T00:00:00",FALSE,0,1000
"Fluphenazine Decanoate",0.35,"Therapy","2010-12-13T00:00:00",FALSE,0,1000
"Fluphenazine Hydrochloride",0.35,"Therapy","2010-12-13T00:00:00",FALSE,0,1000
"Flurandrenolide",0.35,"Therapy","2010-12-13T00:00:00",FALSE,0,1000
"Flurazepam Hydrochloride",0.35,"Therapy","2010-12-13T00:00:00",FALSE,0,1000
"Flurbiprofen",0.35,"Therapy","2010-12-13T00:00:00",FALSE,0,1000
"Flurbiprofen Sodium",0.35,"Therapy","2010-12-13T00:00:00",FALSE,0,1000
"Flutamide",0.35,"Therapy","2010-12-13T00:00:00",FALSE,0,1000
"Fluticasone Propionate",0.35,"Therapy","2010-12-13T00:00:00",FALSE,0,1000
"Fluvastatin",0.35,"Therapy","2010-12-13T00:00:00",FALSE,0,1000
"Fluvastatin Sodium",0.35,"Therapy","2010-12-13T00:00:00",FALSE,0,1000
"Fluvoxamine Maleate",0.35,"Therapy","2010-12-13T00:00:00",FALSE,0,1000
"Folic Acid",0.35,"Therapy","2010-12-13T00:00:00",FALSE,0,1000
"Fomepizole",0.35,"Therapy","2010-12-13T00:00:00",FALSE,0,1000
"Foscarnet Sodium",0.35,"Therapy","2010-12-13T00:00:00",FALSE,0,1000
"Fosinopril Sodium",0.35,"Therapy","2010-12-13T00:00:00",FALSE,0,1000
"Fosphenytoin Sodium",0.35,"Therapy","2010-12-13T00:00:00",FALSE,0,1000
"Furosemide",0.35,"Therapy","2010-12-13T00:00:00",FALSE,0,1000
"Gabapentin",0.35,"Therapy","2010-12-13T00:00:00",FALSE,0,1000
"Galantamine Hydrobromide",0.35,"Therapy","2010-12-13T00:00:00",FALSE,0,1000
"Ganciclovir Sodium",0.35,"Therapy","2010-12-13T00:00:00",FALSE,0,1000
"Gatifloxacin",0.35,"Therapy","2010-12-13T00:00:00",FALSE,0,1000
"Gemcitabine",0.35,"Therapy","2010-12-13T00:00:00",FALSE,0,1000
"Gemcitabine Hydrochloride",0.35,"Therapy","2010-12-13T00:00:00",FALSE,0,1000
"Gemfibrozil",0.35,"Therapy","2010-12-13T00:00:00",FALSE,0,1000
"Gemifloxacin Mesylate",0.35,"Therapy","2010-12-13T00:00:00",FALSE,0,1000
"Gentamicin Sulfate",0.35,"Therapy","2010-12-13T00:00:00",FALSE,0,1000
"Glimepiride",0.35,"Therapy","2010-12-13T00:00:00",FALSE,0,1000
"Glipizide",0.35,"Therapy","2010-12-13T00:00:00",FALSE,0,1000
"Glutethimide",0.35,"Therapy","2010-12-13T00:00:00",FALSE,0,1000
"Glyburide",0.35,"Therapy","2010-12-13T00:00:00",FALSE,0,1000
"Glycopyrrolate",0.35,"Therapy","2010-12-13T00:00:00",FALSE,0,1000
"Granisetron Hydrochloride",0.35,"Therapy","2010-12-13T00:00:00",FALSE,0,1000
"Griseofulvin",0.35,"Therapy","2010-12-13T00:00:00",FALSE,0,1000
"Guanabenz Acetate",0.35,"Therapy","2010-12-13T00:00:00",FALSE,0,1000
"Guanethidine Monosulfate",0.35,"Therapy","2010-12-13T00:00:00",FALSE,0,1000
"Guanfacine Hydrochloride",0.35,"Therapy","2010-12-13T00:00:00",FALSE,0,1000
"Guanidine Hydrochloride",0.35,"Therapy","2010-12-13T00:00:00",FALSE,0,1000
"Halobetasol Propionate",0.35,"Therapy","2010-12-13T00:00:00",FALSE,0,1000
"Haloperidol Decanoate",0.35,"Therapy","2010-12-13T00:00:00",FALSE,0,1000
"Haloperidol Lactate",0.35,"Therapy","2010-12-13T00:00:00",FALSE,0,1000
"Halothane",0.35,"Therapy","2010-12-13T00:00:00",FALSE,0,1000
"Heparin Sodium",0.35,"Therapy","2010-12-13T00:00:00",FALSE,0,1000
"Histamine Phosphate",0.35,"Therapy","2010-12-13T00:00:00",FALSE,0,1000
"Hydralazine Hydrochloride",0.35,"Therapy","2010-12-13T00:00:00",FALSE,0,1000
"Hydrochlorothiazide",0.35,"Therapy","2010-12-13T00:00:00",FALSE,0,1000
"Hydrocortisone",0.35,"Therapy","2010-12-13T00:00:00",FALSE,0,1000
"Hydrocortisone Acetate",0.35,"Therapy","2010-12-13T00:00:00",FALSE,0,1000
"Hydrocortisone Butyrate",0.35,"Therapy","2010-12-13T00:00:00",FALSE,0,1000
"Hydrocortisone Sodium Phosphate",0.35,"Therapy","2010-12-13T00:00:00",FALSE,0,1000
"Hydrocortisone Sodium Succinate",0.35,"Therapy","2010-12-13T00:00:00",FALSE,0,1000
"Hydrocortisone Valerate",0.35,"Therapy","2010-12-13T00:00:00",FALSE,0,1000
"Hydroflumethiazide",0.35,"Therapy","2010-12-13T00:00:00",FALSE,0,1000
"Hydromorphone Hydrochloride",0.35,"Therapy","2010-12-13T00:00:00",FALSE,0,1000
"Hydroxocobalamin",0.35,"Therapy","2010-12-13T00:00:00",FALSE,0,1000
"Hydroxychloroquine Sulfate",0.35,"Therapy","2010-12-13T00:00:00",FALSE,0,1000
"Hydroxyprogesterone Caproate",0.35,"Therapy","2010-12-13T00:00:00",FALSE,0,1000
"Hydroxystilbamidine Isethionate",0.35,"Therapy","2010-12-13T00:00:00",FALSE,0,1000
"Hydroxyurea",0.35,"Therapy","2010-12-13T00:00:00",FALSE,0,1000
"Hydroxyzine Hydrochloride",0.35,"Therapy","2010-12-13T00:00:00",FALSE,0,1000
"Hydroxyzine Pamoate",0.35,"Therapy","2010-12-13T00:00:00",FALSE,0,1000
"Ibandronate Sodium",0.35,"Therapy","2010-12-13T00:00:00",FALSE,0,1000
"Ibuprofen",0.35,"Therapy","2010-12-13T00:00:00",FALSE,0,1000
"Ibutilide Fumarate",0.35,"Therapy","2010-12-13T00:00:00",FALSE,0,1000
"Idarubicin Hydrochloride",0.35,"Therapy","2010-12-13T00:00:00",FALSE,0,1000
"Ifosfamide",0.35,"Therapy","2010-12-13T00:00:00",FALSE,0,1000
"Imatinib Mesylate",0.35,"Therapy","2010-12-13T00:00:00",FALSE,0,1000
"Imipramine Hydrochloride",0.35,"Therapy","2010-12-13T00:00:00",FALSE,0,1000
"Imipramine Pamoate",0.35,"Therapy","2010-12-13T00:00:00",FALSE,0,1000
"Imiquimod",0.35,"Therapy","2010-12-13T00:00:00",FALSE,0,1000
"Indapamide",0.35,"Therapy","2010-12-13T00:00:00",FALSE,0,1000
"Indium In-111 Oxyquinoline",0.35,"Therapy","2010-12-13T00:00:00",FALSE,0,1000
"Indocyanine Green",0.35,"Therapy","2010-12-13T00:00:00",FALSE,0,1000
"Indomethacin",0.35,"Therapy","2010-12-13T00:00:00",FALSE,0,1000
"Indomethacin Sodium",0.35,"Therapy","2010-12-13T00:00:00",FALSE,0,1000
"Iopamidol",0.35,"Therapy","2010-12-13T00:00:00",FALSE,0,1000
"Ipratropium Bromide",0.35,"Therapy","2010-12-13T00:00:00",FALSE,0,1000
"Irbesartan",0.35,"Therapy","2010-12-13T00:00:00",FALSE,0,1000
"Irbesartan; Hydrochlorothiazide",0.35,"Therapy","2010-12-13T00:00:00",FALSE,0,1000
"Irinotecan Hydrochloride",0.35,"Therapy","2010-12-13T00:00:00",FALSE,0,1000
"Iron Dextran",0.35,"Therapy","2010-12-13T00:00:00",FALSE,0,1000
"Isoetharine Hydrochloride",0.35,"Therapy","2010-12-13T00:00:00",FALSE,0,1000
"Isoetharine Mesylate",0.35,"Therapy","2010-12-13T00:00:00",FALSE,0,1000
"Isoflurane",0.35,"Therapy","2010-12-13T00:00:00",FALSE,0,1000
"Isoniazid",0.35,"Therapy","2010-12-13T00:00:00",FALSE,0,1000
"Isoproterenol Hydrochloride",0.35,"Therapy","2010-12-13T00:00:00",FALSE,0,1000
"Isosorbide Dinitrate",0.35,"Therapy","2010-12-13T00:00:00",FALSE,0,1000
"Isosorbide Mononitrate",0.35,"Therapy","2010-12-13T00:00:00",FALSE,0,1000
"Isosulfan Blue",0.35,"Therapy","2010-12-13T00:00:00",FALSE,0,1000
"Isradipine",0.35,"Therapy","2010-12-13T00:00:00",FALSE,0,1000
"Itraconazole",0.35,"Therapy","2010-12-13T00:00:00",FALSE,0,1000
"Kanamycin Sulfate",0.35,"Therapy","2010-12-13T00:00:00",FALSE,0,1000
"Ketamine Hydrochloride",0.35,"Therapy","2010-12-13T00:00:00",FALSE,0,1000
"Ketoconazole",0.35,"Therapy","2010-12-13T00:00:00",FALSE,0,1000
"Ketoprofen",0.35,"Therapy","2010-12-13T00:00:00",FALSE,0,1000
"Ketorolac Tromethamine",0.35,"Therapy","2010-12-13T00:00:00",FALSE,0,1000
"Ketotifen Fumarate",0.35,"Therapy","2010-12-13T00:00:00",FALSE,0,1000
"Labetalol Hydrochloride",0.35,"Therapy","2010-12-13T00:00:00",FALSE,0,1000
"Lactulose",0.35,"Therapy","2010-12-13T00:00:00",FALSE,0,1000
"Lamivudine",0.35,"Therapy","2010-12-13T00:00:00",FALSE,0,1000
"Lamivudine And Zidovudine",0.35,"Therapy","2010-12-13T00:00:00",FALSE,0,1000
"Lamivudine; Nevirapine; Zidovudine",0.35,"Therapy","2010-12-13T00:00:00",FALSE,0,1000
"Lamivudine; Stavudine",0.35,"Therapy","2010-12-13T00:00:00",FALSE,0,1000
"Lamivudine; Stavudine; Nevirapine",0.35,"Therapy","2010-12-13T00:00:00",FALSE,0,1000
"Lamivudine; Tenofovir Disoproxil Fumarate",0.35,"Therapy","2010-12-13T00:00:00",FALSE,0,1000
"Lamivudine; Zidovudine",0.35,"Therapy","2010-12-13T00:00:00",FALSE,0,1000
"Lamivudine; Zidovudine; Abacavir",0.35,"Therapy","2010-12-13T00:00:00",FALSE,0,1000
"Lamivudine; Zidovudine; Efavirenz",0.35,"Therapy","2010-12-13T00:00:00",FALSE,0,1000
"Lamivudine; Zidovudine; Nevirapine",0.35,"Therapy","2010-12-13T00:00:00",FALSE,0,1000
"Lamotrigine",0.35,"Therapy","2010-12-13T00:00:00",FALSE,0,1000
"Lansoprazole",0.35,"Therapy","2010-12-13T00:00:00",FALSE,0,1000
"Latanoprost",0.35,"Therapy","2010-12-13T00:00:00",FALSE,0,1000
"Leflunomide",0.35,"Therapy","2010-12-13T00:00:00",FALSE,0,1000
"Letrozole",0.35,"Therapy","2010-12-13T00:00:00",FALSE,0,1000
"Leucovorin Calcium",0.35,"Therapy","2010-12-13T00:00:00",FALSE,0,1000
"Leuprolide Acetate",0.35,"Therapy","2010-12-13T00:00:00",FALSE,0,1000
"Levalbuterol Hydrochloride",0.35,"Therapy","2010-12-13T00:00:00",FALSE,0,1000
"Levetiracetam",0.35,"Therapy","2010-12-13T00:00:00",FALSE,0,1000
"Levobunolol Hydrochloride",0.35,"Therapy","2010-12-13T00:00:00",FALSE,0,1000
"Levocarnitine",0.35,"Therapy","2010-12-13T00:00:00",FALSE,0,1000
"Levocetirizine Dihydrochloride",0.35,"Therapy","2010-12-13T00:00:00",FALSE,0,1000
"Levofloxacin",0.35,"Therapy","2010-12-13T00:00:00",FALSE,0,1000
"Levofloxacin; Dextrose",0.35,"Therapy","2010-12-13T00:00:00",FALSE,0,1000
"Levonorgestrel",0.35,"Therapy","2010-12-13T00:00:00",FALSE,0,1000
"Levonorgestrel; Ethinyl Estradiol; Ethinyl Estradiol",0.35,"Therapy","2010-12-13T00:00:00",FALSE,0,1000
"Levorphanol Tartrate",0.35,"Therapy","2010-12-13T00:00:00",FALSE,0,1000
"Levothyroxine Sodium",0.35,"Therapy","2010-12-13T00:00:00",FALSE,0,1000
"Lidocaine",0.35,"Therapy","2010-12-13T00:00:00",FALSE,0,1000
"Lidocaine Hydrochloride",0.35,"Therapy","2010-12-13T00:00:00",FALSE,0,1000
"Lincomycin Hydrochloride",0.35,"Therapy","2010-12-13T00:00:00",FALSE,0,1000
"Lindane",0.35,"Therapy","2010-12-13T00:00:00",FALSE,0,1000
"Linezolid",0.35,"Therapy","2010-12-13T00:00:00",FALSE,0,1000
"Liothyronine Sodium",0.35,"Therapy","2010-12-13T00:00:00",FALSE,0,1000
"Lisinopril",0.35,"Therapy","2010-12-13T00:00:00",FALSE,0,1000
"Lithium Carbonate",0.35,"Therapy","2010-12-13T00:00:00",FALSE,0,1000
"Lithium Citrate",0.35,"Therapy","2010-12-13T00:00:00",FALSE,0,1000
"Loperamide Hydrochloride",0.35,"Therapy","2010-12-13T00:00:00",FALSE,0,1000
"Lopinavir; Ritonavir",0.35,"Therapy","2010-12-13T00:00:00",FALSE,0,1000
"Loratadine",0.35,"Therapy","2010-12-13T00:00:00",FALSE,0,1000
"Lorazepam",0.35,"Therapy","2010-12-13T00:00:00",FALSE,0,1000
"Losartan Potassium",0.35,"Therapy","2010-12-13T00:00:00",FALSE,0,1000
"Lovastatin",0.35,"Therapy","2010-12-13T00:00:00",FALSE,0,1000
"Loxapine Succinate",0.35,"Therapy","2010-12-13T00:00:00",FALSE,0,1000
"Magnesium Sulfate",0.35,"Therapy","2010-12-13T00:00:00",FALSE,0,1000
"Malathion",0.35,"Therapy","2010-12-13T00:00:00",FALSE,0,1000
"Manganese Sulfate",0.35,"Therapy","2010-12-13T00:00:00",FALSE,0,1000
"Maprotiline Hydrochloride",0.35,"Therapy","2010-12-13T00:00:00",FALSE,0,1000
"Mebendazole",0.35,"Therapy","2010-12-13T00:00:00",FALSE,0,1000
"Meclizine Hydrochloride",0.35,"Therapy","2010-12-13T00:00:00",FALSE,0,1000
"Meclofenamate Sodium",0.35,"Therapy","2010-12-13T00:00:00",FALSE,0,1000
"Medroxyprogesterone Acetate",0.35,"Therapy","2010-12-13T00:00:00",FALSE,0,1000
"Mefenamic Acid",0.35,"Therapy","2010-12-13T00:00:00",FALSE,0,1000
"Mefloquine Hydrochloride",0.35,"Therapy","2010-12-13T00:00:00",FALSE,0,1000
"Megestrol Acetate",0.35,"Therapy","2010-12-13T00:00:00",FALSE,0,1000
"Meloxicam",0.35,"Therapy","2010-12-13T00:00:00",FALSE,0,1000
"Melphalan Hydrochloride",0.35,"Therapy","2010-12-13T00:00:00",FALSE,0,1000
"Memantine",0.35,"Therapy","2010-12-13T00:00:00",FALSE,0,1000
"Memantine Hydrochloride",0.35,"Therapy","2010-12-13T00:00:00",FALSE,0,1000
"Menadione",0.35,"Therapy","2010-12-13T00:00:00",FALSE,0,1000
"Meperidine Hydrochloride",0.35,"Therapy","2010-12-13T00:00:00",FALSE,0,1000
"Mepivacaine Hydrochloride",0.35,"Therapy","2010-12-13T00:00:00",FALSE,0,1000
"Meprobamate",0.35,"Therapy","2010-12-13T00:00:00",FALSE,0,1000
"Mercaptopurine",0.35,"Therapy","2010-12-13T00:00:00",FALSE,0,1000
"Meropenem",0.35,"Therapy","2010-12-13T00:00:00",FALSE,0,1000
"Mesalamine",0.35,"Therapy","2010-12-13T00:00:00",FALSE,0,1000
"Mesna",0.35,"Therapy","2010-12-13T00:00:00",FALSE,0,1000
"Metaproterenol Sulfate",0.35,"Therapy","2010-12-13T00:00:00",FALSE,0,1000
"Metaraminol Bitartrate",0.35,"Therapy","2010-12-13T00:00:00",FALSE,0,1000
"Metaxalone",0.35,"Therapy","2010-12-13T00:00:00",FALSE,0,1000
"Metformin Hydrochloride",0.35,"Therapy","2010-12-13T00:00:00",FALSE,0,1000
"Methadone Hydrochloride",0.35,"Therapy","2010-12-13T00:00:00",FALSE,0,1000
"Methamphetamine Hydrochloride",0.35,"Therapy","2010-12-13T00:00:00",FALSE,0,1000
"Methazolamide",0.35,"Therapy","2010-12-13T00:00:00",FALSE,0,1000
"Methdilazine Hydrochloride",0.35,"Therapy","2010-12-13T00:00:00",FALSE,0,1000
"Methenamine Hippurate",0.35,"Therapy","2010-12-13T00:00:00",FALSE,0,1000
"Methimazole",0.35,"Therapy","2010-12-13T00:00:00",FALSE,0,1000
"Methocarbamol",0.35,"Therapy","2010-12-13T00:00:00",FALSE,0,1000
"Methotrexate Sodium",0.35,"Therapy","2010-12-13T00:00:00",FALSE,0,1000
"Methoxsalen",0.35,"Therapy","2010-12-13T00:00:00",FALSE,0,1000
"Methscopolamine Bromide",0.35,"Therapy","2010-12-13T00:00:00",FALSE,0,1000
"Methyclothiazide",0.35,"Therapy","2010-12-13T00:00:00",FALSE,0,1000
"Methyldopa",0.35,"Therapy","2010-12-13T00:00:00",FALSE,0,1000
"Methyldopate Hydrochloride",0.35,"Therapy","2010-12-13T00:00:00",FALSE,0,1000
"Methylergonovine Maleate",0.35,"Therapy","2010-12-13T00:00:00",FALSE,0,1000
"Methylphenidate Hydrochloride",0.35,"Therapy","2010-12-13T00:00:00",FALSE,0,1000
"Methylprednisolone",0.35,"Therapy","2010-12-13T00:00:00",FALSE,0,1000
"Methylprednisolone Acetate",0.35,"Therapy","2010-12-13T00:00:00",FALSE,0,1000
"Methylprednisolone Sodium Succinate",0.35,"Therapy","2010-12-13T00:00:00",FALSE,0,1000
"Methyltestosterone",0.35,"Therapy","2010-12-13T00:00:00",FALSE,0,1000
"Metoclopramide Hydrochloride",0.35,"Therapy","2010-12-13T00:00:00",FALSE,0,1000
"Metocurine Iodide",0.35,"Therapy","2010-12-13T00:00:00",FALSE,0,1000
"Metolazone",0.35,"Therapy","2010-12-13T00:00:00",FALSE,0,1000
"Metoprolol Succinate",0.35,"Therapy","2010-12-13T00:00:00",FALSE,0,1000
"Metoprolol Tartrate",0.35,"Therapy","2010-12-13T00:00:00",FALSE,0,1000
"Metronidazole",0.35,"Therapy","2010-12-13T00:00:00",FALSE,0,1000
"Metronidazole Hydrochloride",0.35,"Therapy","2010-12-13T00:00:00",FALSE,0,1000
"Mexiletine Hydrochloride",0.35,"Therapy","2010-12-13T00:00:00",FALSE,0,1000
"Miconazole Nitrate",0.35,"Therapy","2010-12-13T00:00:00",FALSE,0,1000
"Midazolam Hydrochloride",0.35,"Therapy","2010-12-13T00:00:00",FALSE,0,1000
"Midodrine Hydrochloride",0.35,"Therapy","2010-12-13T00:00:00",FALSE,0,1000
"Milrinone Lactate",0.35,"Therapy","2010-12-13T00:00:00",FALSE,0,1000
"Minocycline Hydrochloride",0.35,"Therapy","2010-12-13T00:00:00",FALSE,0,1000
"Minoxidil",0.35,"Therapy","2010-12-13T00:00:00",FALSE,0,1000
"Mirtazapine",0.35,"Therapy","2010-12-13T00:00:00",FALSE,0,1000
"Misoprostol",0.35,"Therapy","2010-12-13T00:00:00",FALSE,0,1000
"Mitomycin",0.35,"Therapy","2010-12-13T00:00:00",FALSE,0,1000
"Mitoxantrone Hydrochloride",0.35,"Therapy","2010-12-13T00:00:00",FALSE,0,1000
"Mivacurium Chloride",0.35,"Therapy","2010-12-13T00:00:00",FALSE,0,1000
"Modafinil",0.35,"Therapy","2010-12-13T00:00:00",FALSE,0,1000
"Moexipril Hydrochloride",0.35,"Therapy","2010-12-13T00:00:00",FALSE,0,1000
"Mometasone Furoate",0.35,"Therapy","2010-12-13T00:00:00",FALSE,0,1000
"Montelukast Sodium",0.35,"Therapy","2010-12-13T00:00:00",FALSE,0,1000
"Morphine Sulfate",0.35,"Therapy","2010-12-13T00:00:00",FALSE,0,1000
"Moxifloxacin Hydrochloride",0.35,"Therapy","2010-12-13T00:00:00",FALSE,0,1000
"Mupirocin",0.35,"Therapy","2010-12-13T00:00:00",FALSE,0,1000
"Mycophenolate Mofetil",0.35,"Therapy","2010-12-13T00:00:00",FALSE,0,1000
"Mycophenolate Mofetil Hydrochloride",0.35,"Therapy","2010-12-13T00:00:00",FALSE,0,1000
"Nabumetone",0.35,"Therapy","2010-12-13T00:00:00",FALSE,0,1000
"Nadolol",0.35,"Therapy","2010-12-13T00:00:00",FALSE,0,1000
"Nafcillin Sodium",0.35,"Therapy","2010-12-13T00:00:00",FALSE,0,1000
"Nalbuphine Hydrochloride",0.35,"Therapy","2010-12-13T00:00:00",FALSE,0,1000
"Nalidixic Acid",0.35,"Therapy","2010-12-13T00:00:00",FALSE,0,1000
"Naloxone Hydrochloride",0.35,"Therapy","2010-12-13T00:00:00",FALSE,0,1000
"Naltrexone Hydrochloride",0.35,"Therapy","2010-12-13T00:00:00",FALSE,0,1000
"Nandrolone Decanoate",0.35,"Therapy","2010-12-13T00:00:00",FALSE,0,1000
"Nandrolone Phenpropionate",0.35,"Therapy","2010-12-13T00:00:00",FALSE,0,1000
"Naphazoline Hydrochloride",0.35,"Therapy","2010-12-13T00:00:00",FALSE,0,1000
"Naproxen",0.35,"Therapy","2010-12-13T00:00:00",FALSE,0,1000
"Naproxen Sodium",0.35,"Therapy","2010-12-13T00:00:00",FALSE,0,1000
"Naratriptan",0.35,"Therapy","2010-12-13T00:00:00",FALSE,0,1000
"Nateglinide",0.35,"Therapy","2010-12-13T00:00:00",FALSE,0,1000
"Nedocromil Sodium",0.35,"Therapy","2010-12-13T00:00:00",FALSE,0,1000
"Nefazodone Hydrochloride",0.35,"Therapy","2010-12-13T00:00:00",FALSE,0,1000
"Neomycin Sulfate",0.35,"Therapy","2010-12-13T00:00:00",FALSE,0,1000
"Nevirapine",0.35,"Therapy","2010-12-13T00:00:00",FALSE,0,1000
"Niacin",0.35,"Therapy","2010-12-13T00:00:00",FALSE,0,1000
"Nicardipine Hydrochloride",0.35,"Therapy","2010-12-13T00:00:00",FALSE,0,1000
"Nicotine",0.35,"Therapy","2010-12-13T00:00:00",FALSE,0,1000
"Nicotine Polacrilex",0.35,"Therapy","2010-12-13T00:00:00",FALSE,0,1000
"Nifedipine",0.35,"Therapy","2010-12-13T00:00:00",FALSE,0,1000
"Nimodipine",0.35,"Therapy","2010-12-13T00:00:00",FALSE,0,1000
"Nisoldipine",0.35,"Therapy","2010-12-13T00:00:00",FALSE,0,1000
"Nitrofurantoin",0.35,"Therapy","2010-12-13T00:00:00",FALSE,0,1000
"Nitrofurazone",0.35,"Therapy","2010-12-13T00:00:00",FALSE,0,1000
"Nitroglycerin",0.35,"Therapy","2010-12-13T00:00:00",FALSE,0,1000
"Nizatidine",0.35,"Therapy","2010-12-13T00:00:00",FALSE,0,1000
"Norepinephrine Bitartrate",0.35,"Therapy","2010-12-13T00:00:00",FALSE,0,1000
"Norethindrone Acetate",0.35,"Therapy","2010-12-13T00:00:00",FALSE,0,1000
"Norethindrone Acetate; Ethinyl Estradiol",0.35,"Therapy","2010-12-13T00:00:00",FALSE,0,1000
"Norethindrone And Ethinyl Estradiol; Ferrous Fumarate",0.35,"Therapy","2010-12-13T00:00:00",FALSE,0,1000
"Norethindrone; Ethinyl Estradiol",0.35,"Therapy","2010-12-13T00:00:00",FALSE,0,1000
"Norfloxacin",0.35,"Therapy","2010-12-13T00:00:00",FALSE,0,1000
"Nortriptyline Hydrochloride",0.35,"Therapy","2010-12-13T00:00:00",FALSE,0,1000
"Nystatin",0.35,"Therapy","2010-12-13T00:00:00",FALSE,0,1000
"Octreotide Acetate",0.35,"Therapy","2010-12-13T00:00:00",FALSE,0,1000
"Ofloxacin",0.35,"Therapy","2010-12-13T00:00:00",FALSE,0,1000
"Olanzapine",0.35,"Therapy","2010-12-13T00:00:00",FALSE,0,1000
"Olanzapine; Fluoxetine Hydrochloride",0.35,"Therapy","2010-12-13T00:00:00",FALSE,0,1000
"Olmesartan Medoxomil",0.35,"Therapy","2010-12-13T00:00:00",FALSE,0,1000
"Olmesartan Medoxomil; Hydrochlorothiazide",0.35,"Therapy","2010-12-13T00:00:00",FALSE,0,1000
"Olopatadine Hydrochloride",0.35,"Therapy","2010-12-13T00:00:00",FALSE,0,1000
"Omeprazole",0.35,"Therapy","2010-12-13T00:00:00",FALSE,0,1000
"Omeprazole Magnesium",0.35,"Therapy","2010-12-13T00:00:00",FALSE,0,1000
"Omeprazole; Clarithromycin; Amoxicillin",0.35,"Therapy","2010-12-13T00:00:00",FALSE,0,1000
"Ondansetron",0.35,"Therapy","2010-12-13T00:00:00",FALSE,0,1000
"Ondansetron Hydrochloride",0.35,"Therapy","2010-12-13T00:00:00",FALSE,0,1000
"Orphenadrine Citrate",0.35,"Therapy","2010-12-13T00:00:00",FALSE,0,1000
"Oxacillin Sodium",0.35,"Therapy","2010-12-13T00:00:00",FALSE,0,1000
"Oxaliplatin",0.35,"Therapy","2010-12-13T00:00:00",FALSE,0,1000
"Oxandrolone",0.35,"Therapy","2010-12-13T00:00:00",FALSE,0,1000
"Oxaprozin",0.35,"Therapy","2010-12-13T00:00:00",FALSE,0,1000
"Oxazepam",0.35,"Therapy","2010-12-13T00:00:00",FALSE,0,1000
"Oxcarbazepine",0.35,"Therapy","2010-12-13T00:00:00",FALSE,0,1000
"Oxtriphylline",0.35,"Therapy","2010-12-13T00:00:00",FALSE,0,1000
"Oxybutynin Chloride",0.35,"Therapy","2010-12-13T00:00:00",FALSE,0,1000
"Oxycodone Hydrochloride",0.35,"Therapy","2010-12-13T00:00:00",FALSE,0,1000
"Oxymorphone Hydrochloride",0.35,"Therapy","2010-12-13T00:00:00",FALSE,0,1000
"Oxyphenbutazone",0.35,"Therapy","2010-12-13T00:00:00",FALSE,0,1000
"Oxytetracycline Hydrochloride",0.35,"Therapy","2010-12-13T00:00:00",FALSE,0,1000
"Oxytocin",0.35,"Therapy","2010-12-13T00:00:00",FALSE,0,1000
"Paclitaxel",0.35,"Therapy","2010-12-13T00:00:00",FALSE,0,1000
"Pamidronate Disodium",0.35,"Therapy","2010-12-13T00:00:00",FALSE,0,1000
"Pancuronium Bromide",0.35,"Therapy","2010-12-13T00:00:00",FALSE,0,1000
"Pantoprazole Sodium",0.35,"Therapy","2010-12-13T00:00:00",FALSE,0,1000
"Paricalcitol",0.35,"Therapy","2010-12-13T00:00:00",FALSE,0,1000
"Paromomycin Sulfate",0.35,"Therapy","2010-12-13T00:00:00",FALSE,0,1000
"Paroxetine Hydrochloride",0.35,"Therapy","2010-12-13T00:00:00",FALSE,0,1000
"Pemetrexed",0.35,"Therapy","2010-12-13T00:00:00",FALSE,0,1000
"Pemoline",0.35,"Therapy","2010-12-13T00:00:00",FALSE,0,1000
"Penicillin G Potassium",0.35,"Therapy","2010-12-13T00:00:00",FALSE,0,1000
"Penicillin G Procaine",0.35,"Therapy","2010-12-13T00:00:00",FALSE,0,1000
"Penicillin G Sodium",0.35,"Therapy","2010-12-13T00:00:00",FALSE,0,1000
"Penicillin V Potassium",0.35,"Therapy","2010-12-13T00:00:00",FALSE,0,1000
"Pentamidine Isethionate",0.35,"Therapy","2010-12-13T00:00:00",FALSE,0,1000
"Pentetate Calcium Trisodium",0.35,"Therapy","2010-12-13T00:00:00",FALSE,0,1000
"Pentetate Zinc Trisodium",0.35,"Therapy","2010-12-13T00:00:00",FALSE,0,1000
"Pentobarbital Sodium",0.35,"Therapy","2010-12-13T00:00:00",FALSE,0,1000
"Pentostatin",0.35,"Therapy","2010-12-13T00:00:00",FALSE,0,1000
"Pentoxifylline",0.35,"Therapy","2010-12-13T00:00:00",FALSE,0,1000
"Pergolide Mesylate",0.35,"Therapy","2010-12-13T00:00:00",FALSE,0,1000
"Perindopril Erbumine",0.35,"Therapy","2010-12-13T00:00:00",FALSE,0,1000
"Permethrin",0.35,"Therapy","2010-12-13T00:00:00",FALSE,0,1000
"Perphenazine",0.35,"Therapy","2010-12-13T00:00:00",FALSE,0,1000
"Phendimetrazine Tartrate",0.35,"Therapy","2010-12-13T00:00:00",FALSE,0,1000
"Phenelzine Sulfate",0.35,"Therapy","2010-12-13T00:00:00",FALSE,0,1000
"Phentermine Hydrochloride",0.35,"Therapy","2010-12-13T00:00:00",FALSE,0,1000
"Phentolamine Mesylate",0.35,"Therapy","2010-12-13T00:00:00",FALSE,0,1000
"Phenylbutazone",0.35,"Therapy","2010-12-13T00:00:00",FALSE,0,1000
"Phenytoin",0.35,"Therapy","2010-12-13T00:00:00",FALSE,0,1000
"Phenytoin Sodium",0.35,"Therapy","2010-12-13T00:00:00",FALSE,0,1000
"Phytonadione",0.35,"Therapy","2010-12-13T00:00:00",FALSE,0,1000
"Pilocarpine Hydrochloride",0.35,"Therapy","2010-12-13T00:00:00",FALSE,0,1000
"Pindolol",0.35,"Therapy","2010-12-13T00:00:00",FALSE,0,1000
"Piperazine Citrate",0.35,"Therapy","2010-12-13T00:00:00",FALSE,0,1000
"Piroxicam",0.35,"Therapy","2010-12-13T00:00:00",FALSE,0,1000
"Podofilox",0.35,"Therapy","2010-12-13T00:00:00",FALSE,0,1000
"Polyethylene Glycol 3350",0.35,"Therapy","2010-12-13T00:00:00",FALSE,0,1000
"Polyethylene Glycol 3350; Sodium Chloride; Sodium Bicarbonate; Potassium Chloride; Bisacodyl",0.35,"Therapy","2010-12-13T00:00:00",FALSE,0,1000
"Polyethylene Glycol 3350; Sodium Sulfate; Sodium Chloride; Potassium Chloride; Sodium Ascorbate; Ascorbic Acid",0.35,"Therapy","2010-12-13T00:00:00",FALSE,0,1000
"Polymyxin B Sulfate",0.35,"Therapy","2010-12-13T00:00:00",FALSE,0,1000
"Potassium Aminosalicylate",0.35,"Therapy","2010-12-13T00:00:00",FALSE,0,1000
"Potassium Chloride",0.35,"Therapy","2010-12-13T00:00:00",FALSE,0,1000
"Potassium Citrate",0.35,"Therapy","2010-12-13T00:00:00",FALSE,0,1000
"Potassium Iodide",0.35,"Therapy","2010-12-13T00:00:00",FALSE,0,1000
"Pralidoxime Chloride",0.35,"Therapy","2010-12-13T00:00:00",FALSE,0,1000
"Pramipexole Dihydrochloride",0.35,"Therapy","2010-12-13T00:00:00",FALSE,0,1000
"Pravastatin Sodium",0.35,"Therapy","2010-12-13T00:00:00",FALSE,0,1000
"Prazepam",0.35,"Therapy","2010-12-13T00:00:00",FALSE,0,1000
"Prazosin Hydrochloride",0.35,"Therapy","2010-12-13T00:00:00",FALSE,0,1000
"Prednicarbate",0.35,"Therapy","2010-12-13T00:00:00",FALSE,0,1000
"Prednisolone",0.35,"Therapy","2010-12-13T00:00:00",FALSE,0,1000
"Prednisolone Acetate",0.35,"Therapy","2010-12-13T00:00:00",FALSE,0,1000
"Prednisolone Sodium Phosphate",0.35,"Therapy","2010-12-13T00:00:00",FALSE,0,1000
"Prednisolone Tebutate",0.35,"Therapy","2010-12-13T00:00:00",FALSE,0,1000
"Prednisone",0.35,"Therapy","2010-12-13T00:00:00",FALSE,0,1000
"Prilocaine Hydrochloride",0.35,"Therapy","2010-12-13T00:00:00",FALSE,0,1000
"Primidone",0.35,"Therapy","2010-12-13T00:00:00",FALSE,0,1000
"Probenecid",0.35,"Therapy","2010-12-13T00:00:00",FALSE,0,1000
"Procainamide Hydrochloride",0.35,"Therapy","2010-12-13T00:00:00",FALSE,0,1000
"Procaine Hydrochloride",0.35,"Therapy","2010-12-13T00:00:00",FALSE,0,1000
"Prochlorperazine Edisylate",0.35,"Therapy","2010-12-13T00:00:00",FALSE,0,1000
"Prochlorperazine Maleate",0.35,"Therapy","2010-12-13T00:00:00",FALSE,0,1000
"Progesterone",0.35,"Therapy","2010-12-13T00:00:00",FALSE,0,1000
"Promazine Hydrochloride",0.35,"Therapy","2010-12-13T00:00:00",FALSE,0,1000
"Promethazine Hydrochloride",0.35,"Therapy","2010-12-13T00:00:00",FALSE,0,1000
"Promethazine Hydrochloride; Codeine Phosphate",0.35,"Therapy","2010-12-13T00:00:00",FALSE,0,1000
"Propafenone Hydrochloride",0.35,"Therapy","2010-12-13T00:00:00",FALSE,0,1000
"Propantheline Bromide",0.35,"Therapy","2010-12-13T00:00:00",FALSE,0,1000
"Proparacaine Hydrochloride",0.35,"Therapy","2010-12-13T00:00:00",FALSE,0,1000
"Propofol",0.35,"Therapy","2010-12-13T00:00:00",FALSE,0,1000
"Propoxyphene Hydrochloride",0.35,"Therapy","2010-12-13T00:00:00",FALSE,0,1000
"Propranolol Hydrochloride",0.35,"Therapy","2010-12-13T00:00:00",FALSE,0,1000
"Propylthiouracil",0.35,"Therapy","2010-12-13T00:00:00",FALSE,0,1000
"Protamine Sulfate",0.35,"Therapy","2010-12-13T00:00:00",FALSE,0,1000
"Protriptyline Hydrochloride",0.35,"Therapy","2010-12-13T00:00:00",FALSE,0,1000
"Pseudoephedrine Hydrochloride",0.35,"Therapy","2010-12-13T00:00:00",FALSE,0,1000
"Pyrazinamide",0.35,"Therapy","2010-12-13T00:00:00",FALSE,0,1000
"Pyridostigmine Bromide",0.35,"Therapy","2010-12-13T00:00:00",FALSE,0,1000
"Pyridoxine Hydrochloride",0.35,"Therapy","2010-12-13T00:00:00",FALSE,0,1000
"Pyrilamine Maleate",0.35,"Therapy","2010-12-13T00:00:00",FALSE,0,1000
"Quetiapine Fumarate",0.35,"Therapy","2010-12-13T00:00:00",FALSE,0,1000
"Quinapril Hydrochloride",0.35,"Therapy","2010-12-13T00:00:00",FALSE,0,1000
"Quinidine Gluconate",0.35,"Therapy","2010-12-13T00:00:00",FALSE,0,1000
"Quinidine Sulfate",0.35,"Therapy","2010-12-13T00:00:00",FALSE,0,1000
"Rabeprazole Sodium",0.35,"Therapy","2010-12-13T00:00:00",FALSE,0,1000
"Raloxifene Hydrochloride",0.35,"Therapy","2010-12-13T00:00:00",FALSE,0,1000
"Ramipril",0.35,"Therapy","2010-12-13T00:00:00",FALSE,0,1000
"Ranitidine",0.35,"Therapy","2010-12-13T00:00:00",FALSE,0,1000
"Ranitidine Hydrochloride",0.35,"Therapy","2010-12-13T00:00:00",FALSE,0,1000
"Repaglinide",0.35,"Therapy","2010-12-13T00:00:00",FALSE,0,1000
"Reserpine",0.35,"Therapy","2010-12-13T00:00:00",FALSE,0,1000
"Ribavirin",0.35,"Therapy","2010-12-13T00:00:00",FALSE,0,1000
"Rifampin",0.35,"Therapy","2010-12-13T00:00:00",FALSE,0,1000
"Riluzole",0.35,"Therapy","2010-12-13T00:00:00",FALSE,0,1000
"Rimantadine Hydrochloride",0.35,"Therapy","2010-12-13T00:00:00",FALSE,0,1000
"Risedronate Sodium",0.35,"Therapy","2010-12-13T00:00:00",FALSE,0,1000
"Risperidone",0.35,"Therapy","2010-12-13T00:00:00",FALSE,0,1000
"Ritodrine Hydrochloride",0.35,"Therapy","2010-12-13T00:00:00",FALSE,0,1000
"Rivastigmine Tartrate",0.35,"Therapy","2010-12-13T00:00:00",FALSE,0,1000
"Rizatriptan Benzoate",0.35,"Therapy","2010-12-13T00:00:00",FALSE,0,1000
"Rocuronium Bromide",0.35,"Therapy","2010-12-13T00:00:00",FALSE,0,1000
"Ropinirole Hydrochloride",0.35,"Therapy","2010-12-13T00:00:00",FALSE,0,1000
"Ropivacaine Hydrochloride",0.35,"Therapy","2010-12-13T00:00:00",FALSE,0,1000
"Rosiglitazone Maleate",0.35,"Therapy","2010-12-13T00:00:00",FALSE,0,1000
"Rosiglitazone Maleate; Glimepiride",0.35,"Therapy","2010-12-13T00:00:00",FALSE,0,1000
"Rosiglitazone Maleate; Metformin Hydrochloride",0.35,"Therapy","2010-12-13T00:00:00",FALSE,0,1000
"Rosuvastatin Calcium",0.35,"Therapy","2010-12-13T00:00:00",FALSE,0,1000
"Secobarbital Sodium",0.35,"Therapy","2010-12-13T00:00:00",FALSE,0,1000
"Selegiline Hydrochloride",0.35,"Therapy","2010-12-13T00:00:00",FALSE,0,1000
"Selenium Sulfide",0.35,"Therapy","2010-12-13T00:00:00",FALSE,0,1000
"Sertraline Hydrochloride",0.35,"Therapy","2010-12-13T00:00:00",FALSE,0,1000
"Sevoflurane",0.35,"Therapy","2010-12-13T00:00:00",FALSE,0,1000
"Sildenafil Citrate",0.35,"Therapy","2010-12-13T00:00:00",FALSE,0,1000
"Simvastatin",0.35,"Therapy","2010-12-13T00:00:00",FALSE,0,1000
"Sodium Bicarbonate",0.35,"Therapy","2010-12-13T00:00:00",FALSE,0,1000
"Sodium Chloride",0.35,"Therapy","2010-12-13T00:00:00",FALSE,0,1000
"Sodium Fluoride F 18",0.35,"Therapy","2010-12-13T00:00:00",FALSE,0,1000
"Sodium Iodide I-131",0.35,"Therapy","2010-12-13T00:00:00",FALSE,0,1000
"Sodium Nitroprusside",0.35,"Therapy","2010-12-13T00:00:00",FALSE,0,1000
"Sodium Phosphate, Dibasic Anhydrous; Sodium Phosphate, Monobasic, Monohydrate",0.35,"Therapy","2010-12-13T00:00:00",FALSE,0,1000
"Sodium Polystyrene Sulfonate",0.35,"Therapy","2010-12-13T00:00:00",FALSE,0,1000
"Sodium Succinate",0.35,"Therapy","2010-12-13T00:00:00",FALSE,0,1000
"Sodium Thiosulfate",0.35,"Therapy","2010-12-13T00:00:00",FALSE,0,1000
"Sotalol Hydrochloride",0.35,"Therapy","2010-12-13T00:00:00",FALSE,0,1000
"Spironolactone",0.35,"Therapy","2010-12-13T00:00:00",FALSE,0,1000
"Stavudine",0.35,"Therapy","2010-12-13T00:00:00",FALSE,0,1000
"Stavudine; Lamivudine",0.35,"Therapy","2010-12-13T00:00:00",FALSE,0,1000
"Stavudine; Lamivudine; Efavirenz",0.35,"Therapy","2010-12-13T00:00:00",FALSE,0,1000
"Stavudine; Lamivudine; Nevirapine",0.35,"Therapy","2010-12-13T00:00:00",FALSE,0,1000
"Sterile Water",0.35,"Therapy","2010-12-13T00:00:00",FALSE,0,1000
"Streptomycin Sulfate",0.35,"Therapy","2010-12-13T00:00:00",FALSE,0,1000
"Strontium Chloride Sr-89",0.35,"Therapy","2010-12-13T00:00:00",FALSE,0,1000
"Succinylcholine Chloride",0.35,"Therapy","2010-12-13T00:00:00",FALSE,0,1000
"Sucralfate",0.35,"Therapy","2010-12-13T00:00:00",FALSE,0,1000
"Sufentanil Citrate",0.35,"Therapy","2010-12-13T00:00:00",FALSE,0,1000
"Sulfacetamide Sodium",0.35,"Therapy","2010-12-13T00:00:00",FALSE,0,1000
"Sulfadiazine",0.35,"Therapy","2010-12-13T00:00:00",FALSE,0,1000
"Sulfadiazine Sodium",0.35,"Therapy","2010-12-13T00:00:00",FALSE,0,1000
"Sulfamethoxazole",0.35,"Therapy","2010-12-13T00:00:00",FALSE,0,1000
"Sulfanilamide",0.35,"Therapy","2010-12-13T00:00:00",FALSE,0,1000
"Sulfapyridine",0.35,"Therapy","2010-12-13T00:00:00",FALSE,0,1000
"Sulfasalazine",0.35,"Therapy","2010-12-13T00:00:00",FALSE,0,1000
"Sulfinpyrazone",0.35,"Therapy","2010-12-13T00:00:00",FALSE,0,1000
"Sulfisoxazole",0.35,"Therapy","2010-12-13T00:00:00",FALSE,0,1000
"Sulfisoxazole Diolamine",0.35,"Therapy","2010-12-13T00:00:00",FALSE,0,1000
"Sulindac",0.35,"Therapy","2010-12-13T00:00:00",FALSE,0,1000
"Sumatriptan Succinate",0.35,"Therapy","2010-12-13T00:00:00",FALSE,0,1000
"Sumatriptan; Naproxen Sodium",0.35,"Therapy","2010-12-13T00:00:00",FALSE,0,1000
"Tacrolimus",0.35,"Therapy","2010-12-13T00:00:00",FALSE,0,1000
"Talc",0.35,"Therapy","2010-12-13T00:00:00",FALSE,0,1000
"Tamoxifen Citrate",0.35,"Therapy","2010-12-13T00:00:00",FALSE,0,1000
"Tamsulosin Hydrochloride",0.35,"Therapy","2010-12-13T00:00:00",FALSE,0,1000
"Technetium (99M Tc) Fanolesomab; Neutrospec",0.35,"Therapy","2010-12-13T00:00:00",FALSE,0,1000
"Technetium Tc-99M Pentetate Kit",0.35,"Therapy","2010-12-13T00:00:00",FALSE,0,1000
"Telmisartan",0.35,"Therapy","2010-12-13T00:00:00",FALSE,0,1000
"Temazepam",0.35,"Therapy","2010-12-13T00:00:00",FALSE,0,1000
"Temozolomide",0.35,"Therapy","2010-12-13T00:00:00",FALSE,0,1000
"Tenofovir Disoproxil Fumarate",0.35,"Therapy","2010-12-13T00:00:00",FALSE,0,1000
"Terazosin Hydrochloride",0.35,"Therapy","2010-12-13T00:00:00",FALSE,0,1000
"Terbinafine Hydrochloride",0.35,"Therapy","2010-12-13T00:00:00",FALSE,0,1000
"Terbutaline Sulfate",0.35,"Therapy","2010-12-13T00:00:00",FALSE,0,1000
"Terconazole",0.35,"Therapy","2010-12-13T00:00:00",FALSE,0,1000
"Testosterone",0.35,"Therapy","2010-12-13T00:00:00",FALSE,0,1000
"Testosterone Cypionate",0.35,"Therapy","2010-12-13T00:00:00",FALSE,0,1000
"Testosterone Enanthate",0.35,"Therapy","2010-12-13T00:00:00",FALSE,0,1000
"Testosterone Propionate",0.35,"Therapy","2010-12-13T00:00:00",FALSE,0,1000
"Tetracycline Hydrochloride",0.35,"Therapy","2010-12-13T00:00:00",FALSE,0,1000
"Theophylline",0.35,"Therapy","2010-12-13T00:00:00",FALSE,0,1000
"Thiamine Hydrochloride",0.35,"Therapy","2010-12-13T00:00:00",FALSE,0,1000
"Thioguanine",0.35,"Therapy","2010-12-13T00:00:00",FALSE,0,1000
"Thioridazine Hydrochloride",0.35,"Therapy","2010-12-13T00:00:00",FALSE,0,1000
"Thiotepa",0.35,"Therapy","2010-12-13T00:00:00",FALSE,0,1000
"Thiothixene",0.35,"Therapy","2010-12-13T00:00:00",FALSE,0,1000
"Thiothixene Hydrochloride",0.35,"Therapy","2010-12-13T00:00:00",FALSE,0,1000
"Thyroglobulin",0.35,"Therapy","2010-12-13T00:00:00",FALSE,0,1000
"Tiagabine Hydrochloride",0.35,"Therapy","2010-12-13T00:00:00",FALSE,0,1000
"Ticlopidine Hydrochloride",0.35,"Therapy","2010-12-13T00:00:00",FALSE,0,1000
"Timolol Maleate",0.35,"Therapy","2010-12-13T00:00:00",FALSE,0,1000
"Tioconazole",0.35,"Therapy","2010-12-13T00:00:00",FALSE,0,1000
"Tiopronin",0.35,"Therapy","2010-12-13T00:00:00",FALSE,0,1000
"Tizanidine Hydrochloride",0.35,"Therapy","2010-12-13T00:00:00",FALSE,0,1000
"Tobramycin",0.35,"Therapy","2010-12-13T00:00:00",FALSE,0,1000
"Tobramycin Sulfate",0.35,"Therapy","2010-12-13T00:00:00",FALSE,0,1000
"Tolazamide",0.35,"Therapy","2010-12-13T00:00:00",FALSE,0,1000
"Tolbutamide",0.35,"Therapy","2010-12-13T00:00:00",FALSE,0,1000
"Tolmetin Sodium",0.35,"Therapy","2010-12-13T00:00:00",FALSE,0,1000
"Tolterodine Tartrate",0.35,"Therapy","2010-12-13T00:00:00",FALSE,0,1000
"Topiramate",0.35,"Therapy","2010-12-13T00:00:00",FALSE,0,1000
"Topotecan",0.35,"Therapy","2010-12-13T00:00:00",FALSE,0,1000
"Topotecan Hydrochloride",0.35,"Therapy","2010-12-13T00:00:00",FALSE,0,1000
"Torsemide",0.35,"Therapy","2010-12-13T00:00:00",FALSE,0,1000
"Tramadol Hydrochloride",0.35,"Therapy","2010-12-13T00:00:00",FALSE,0,1000
"Trandolapril",0.35,"Therapy","2010-12-13T00:00:00",FALSE,0,1000
"Tranylcypromine Sulfate",0.35,"Therapy","2010-12-13T00:00:00",FALSE,0,1000
"Trazodone Hydrochloride",0.35,"Therapy","2010-12-13T00:00:00",FALSE,0,1000
"Tretinoin",0.35,"Therapy","2010-12-13T00:00:00",FALSE,0,1000
"Triamcinolone",0.35,"Therapy","2010-12-13T00:00:00",FALSE,0,1000
"Triamcinolone Acetonide",0.35,"Therapy","2010-12-13T00:00:00",FALSE,0,1000
"Triamcinolone Diacetate",0.35,"Therapy","2010-12-13T00:00:00",FALSE,0,1000
"Triazolam",0.35,"Therapy","2010-12-13T00:00:00",FALSE,0,1000
"Trichlormethiazide",0.35,"Therapy","2010-12-13T00:00:00",FALSE,0,1000
"Trifluoperazine Hydrochloride",0.35,"Therapy","2010-12-13T00:00:00",FALSE,0,1000
"Trifluridine",0.35,"Therapy","2010-12-13T00:00:00",FALSE,0,1000
"Trihexyphenidyl Hydrochloride",0.35,"Therapy","2010-12-13T00:00:00",FALSE,0,1000
"Trimeprazine Tartrate",0.35,"Therapy","2010-12-13T00:00:00",FALSE,0,1000
"Trimethobenzamide Hydrochloride",0.35,"Therapy","2010-12-13T00:00:00",FALSE,0,1000
"Trimethoprim",0.35,"Therapy","2010-12-13T00:00:00",FALSE,0,1000
"Trimipramine Maleate",0.35,"Therapy","2010-12-13T00:00:00",FALSE,0,1000
"Tripelennamine Hydrochloride",0.35,"Therapy","2010-12-13T00:00:00",FALSE,0,1000
"Triprolidine Hydrochloride",0.35,"Therapy","2010-12-13T00:00:00",FALSE,0,1000
"Tropicamide",0.35,"Therapy","2010-12-13T00:00:00",FALSE,0,1000
"Trospium Chloride",0.35,"Therapy","2010-12-13T00:00:00",FALSE,0,1000
"Tubocurarine Chloride",0.35,"Therapy","2010-12-13T00:00:00",FALSE,0,1000
"Uracil Mustard",0.35,"Therapy","2010-12-13T00:00:00",FALSE,0,1000
"Ursodiol",0.35,"Therapy","2010-12-13T00:00:00",FALSE,0,1000
"Valacyclovir Hydrochloride",0.35,"Therapy","2010-12-13T00:00:00",FALSE,0,1000
"Valganciclovir Hydrochloride",0.35,"Therapy","2010-12-13T00:00:00",FALSE,0,1000
"Valproate Sodium",0.35,"Therapy","2010-12-13T00:00:00",FALSE,0,1000
"Valproic Acid",0.35,"Therapy","2010-12-13T00:00:00",FALSE,0,1000
"Valsartan",0.35,"Therapy","2010-12-13T00:00:00",FALSE,0,1000
"Vancomycin Hydrochloride",0.35,"Therapy","2010-12-13T00:00:00",FALSE,0,1000
"Vecuronium Bromide",0.35,"Therapy","2010-12-13T00:00:00",FALSE,0,1000
"Venlafaxine Hydrochloride",0.35,"Therapy","2010-12-13T00:00:00",FALSE,0,1000
"Verapamil Hydrochloride",0.35,"Therapy","2010-12-13T00:00:00",FALSE,0,1000
"Vinblastine Sulfate",0.35,"Therapy","2010-12-13T00:00:00",FALSE,0,1000
"Vincristine Sulfate",0.35,"Therapy","2010-12-13T00:00:00",FALSE,0,1000
"Vinorelbine Tartrate",0.35,"Therapy","2010-12-13T00:00:00",FALSE,0,1000
"Vitamin A Palmitate",0.35,"Therapy","2010-12-13T00:00:00",FALSE,0,1000
"Voriconazole",0.35,"Therapy","2010-12-13T00:00:00",FALSE,0,1000
"Warfarin Sodium",0.35,"Therapy","2010-12-13T00:00:00",FALSE,0,1000
"Xylose",0.35,"Therapy","2010-12-13T00:00:00",FALSE,0,1000
"Zafirlukast",0.35,"Therapy","2010-12-13T00:00:00",FALSE,0,1000
"Zaleplon",0.35,"Therapy","2010-12-13T00:00:00",FALSE,0,1000
"Zidovudine",0.35,"Therapy","2010-12-13T00:00:00",FALSE,0,1000
"Zinc Sulfate",0.35,"Therapy","2010-12-13T00:00:00",FALSE,0,1000
"Ziprasidone Hydrochloride",0.35,"Therapy","2010-12-13T00:00:00",FALSE,0,1000
"Zoledronic Acid",0.35,"Therapy","2010-12-13T00:00:00",FALSE,0,1000
"Zolpidem Tartrate",0.35,"Therapy","2010-12-13T00:00:00",FALSE,0,1000
"Zonisamide",0.35,"Therapy","2010-12-13T00:00:00",FALSE,0,1000
"Acupuncture",0.35,"Therapy","2010-12-13T00:00:00",FALSE,0,1000
"Alpha-fetoprotein Blood Test",0.35,"Test","2010-12-13T00:00:00",FALSE,0,1000
"Amniocentesis",0.35,"Test","2010-12-13T00:00:00",FALSE,0,1000
"Antimitochondrial Antibodies",0.35,"Test","2010-12-13T00:00:00",FALSE,0,1000
"Antinuclear Antibody",0.35,"Test","2010-12-13T00:00:00",FALSE,0,1000
"Antro-duodenal Motility Study",0.35,"Test","2010-12-13T00:00:00",FALSE,0,1000
"Appendectomy",0.35,"Therapy","2010-12-13T00:00:00",FALSE,0,1000
"Arthroscopy",0.35,"Therapy","2010-12-13T00:00:00",FALSE,0,1000
"Barium Enema",0.35,"Test","2010-12-13T00:00:00",FALSE,0,1000
"Blood Transfusion",0.35,"Therapy","2010-12-13T00:00:00",FALSE,0,1000
"Bone Density Scan",0.35,"Test","2010-12-13T00:00:00",FALSE,0,1000
"Breast Augmentation",0.35,"Therapy","2010-12-13T00:00:00",FALSE,0,1000
"Breast Biopsy",0.35,"Test","2010-12-13T00:00:00",FALSE,0,1000
"Bronchoscopy",0.35,"Test","2010-12-13T00:00:00",FALSE,0,1000
"Carcinoembryonic Antigen",0.35,"Test","2010-12-13T00:00:00",FALSE,0,1000
"CAT Scan",0.35,"Test","2010-12-13T00:00:00",FALSE,0,1000
"Chemo Infusion and Chemoembolization of Liver",0.35,"Therapy","2010-12-13T00:00:00",FALSE,0,1000
"Chest X-ray",0.35,"Test","2010-12-13T00:00:00",FALSE,0,1000
"Cholecystectomy",0.35,"Therapy","2010-12-13T00:00:00",FALSE,0,1000
"Cholescintigraphy",0.35,"Test","2010-12-13T00:00:00",FALSE,0,1000
"Circumcision",0.35,"Therapy","2010-12-13T00:00:00",FALSE,0,1000
"Citrulline Antibody",0.35,"Test","2010-12-13T00:00:00",FALSE,0,1000
"Colonoscopy",0.35,"Test","2010-12-13T00:00:00",FALSE,0,1000
"Colostomy",0.35,"Therapy","2010-12-13T00:00:00",FALSE,0,1000
"Colposcopy",0.35,"Test","2010-12-13T00:00:00",FALSE,0,1000
"Coronary Angiogram",0.35,"Test","2010-12-13T00:00:00",FALSE,0,1000
"Coronary Angioplasty",0.35,"Therapy","2010-12-13T00:00:00",FALSE,0,1000
"Coronary Artery Bypass Graft",0.35,"Therapy","2010-12-13T00:00:00",FALSE,0,1000
"Cortisone Injection",0.35,"Therapy","2010-12-13T00:00:00",FALSE,0,1000
"Creatinine Blood Test",0.35,"Test","2010-12-13T00:00:00",FALSE,0,1000
"Dialysis",0.35,"Therapy","2010-12-13T00:00:00",FALSE,0,1000
"Dilatation and Curettage",0.35,"Therapy","2010-12-13T00:00:00",FALSE,0,1000
"Duodenal Biliary Drainage",0.35,"Therapy","2010-12-13T00:00:00",FALSE,0,1000
"Ear Tubes",0.35,"Therapy","2010-12-13T00:00:00",FALSE,0,1000
"Electrocardiogram (ECG or EKG)",0.35,"Test","2010-12-13T00:00:00",FALSE,0,1000
"Electroconvulsive Therapy",0.35,"Therapy","2010-12-13T00:00:00",FALSE,0,1000
"Electrogastrogram",0.35,"Test","2010-12-13T00:00:00",FALSE,0,1000
"Electromyogram",0.35,"Test","2010-12-13T00:00:00",FALSE,0,1000
"Electroretinography",0.35,"Test","2010-12-13T00:00:00",FALSE,0,1000
"Endometrial Biopsy",0.35,"Test","2010-12-13T00:00:00",FALSE,0,1000
"Endoscopic Ultrasound",0.35,"Test","2010-12-13T00:00:00",FALSE,0,1000
"Endotracheal Intubation",0.35,"Therapy","2010-12-13T00:00:00",FALSE,0,1000
"Episiotomy",0.35,"Therapy","2010-12-13T00:00:00",FALSE,0,1000
"Esophageal Manometry",0.35,"Test","2010-12-13T00:00:00",FALSE,0,1000
"Esophageal pH Monitoring",0.35,"Test","2010-12-13T00:00:00",FALSE,0,1000
"Esophagogastroduodenoscopy",0.35,"Test","2010-12-13T00:00:00",FALSE,0,1000
"Fecal Occult Blood Tests",0.35,"Test","2010-12-13T00:00:00",FALSE,0,1000
"Flexible Sigmoidoscopy",0.35,"Test","2010-12-13T00:00:00",FALSE,0,1000
"Fundoplication",0.35,"Therapy","2010-12-13T00:00:00",FALSE,0,1000
"Gastric Emptying Study",0.35,"Test","2010-12-13T00:00:00",FALSE,0,1000
"Hemapheresis",0.35,"Test","2010-12-13T00:00:00",FALSE,0,1000
"Hematocrit",0.35,"Test","2010-12-13T00:00:00",FALSE,0,1000
"Hemoglobin",0.35,"Test","2010-12-13T00:00:00",FALSE,0,1000
"Hemoglobin A1c",0.35,"Test","2010-12-13T00:00:00",FALSE,0,1000
"Homocysteine",0.35,"Test","2010-12-13T00:00:00",FALSE,0,1000
"Hydrogen Breath Test",0.35,"Test","2010-12-13T00:00:00",FALSE,0,1000
"Hysterectomy",0.35,"Therapy","2010-12-13T00:00:00",FALSE,0,1000
"Implantable Cardiac Defibrillator",0.35,"Therapy","2010-12-13T00:00:00",FALSE,0,1000
"Insulin Pump For Diabetes Mellitus",0.35,"Therapy","2010-12-13T00:00:00",FALSE,0,1000
"Intravenous Cholangiogram",0.35,"Test","2010-12-13T00:00:00",FALSE,0,1000
"Joint Aspiration",0.35,"Therapy","2010-12-13T00:00:00",FALSE,0,1000
"Joint Replacement Surgery Of The Hand",0.35,"Therapy","2010-12-13T00:00:00",FALSE,0,1000
"Lactose Tolerance Test",0.35,"Test","2010-12-13T00:00:00",FALSE,0,1000
"Laparoscopically Assisted Vaginal Hysterectomy",0.35,"Therapy","2010-12-13T00:00:00",FALSE,0,1000
"Laparoscopy",0.35,"Test","2010-12-13T00:00:00",FALSE,0,1000
"LASIK Eye Surgery",0.35,"Therapy","2010-12-13T00:00:00",FALSE,0,1000
"Liver Biopsy",0.35,"Test","2010-12-13T00:00:00",FALSE,0,1000
"Liver Blood Tests",0.35,"Test","2010-12-13T00:00:00",FALSE,0,1000
"Liver Resection",0.35,"Therapy","2010-12-13T00:00:00",FALSE,0,1000
"Loop Electrosurgical Excision Procedure",0.35,"Therapy","2010-12-13T00:00:00",FALSE,0,1000
"Mammogram",0.35,"Test","2010-12-13T00:00:00",FALSE,0,1000
"MRI Scan",0.35,"Test","2010-12-13T00:00:00",FALSE,0,1000
"Nasal Airway Surgery",0.35,"Therapy","2010-12-13T00:00:00",FALSE,0,1000
"Nerve Conduction Velocity Test",0.35,"Test","2010-12-13T00:00:00",FALSE,0,1000
"Oral Cholecystogram",0.35,"Therapy","2010-12-13T00:00:00",FALSE,0,1000
"Otoplasty",0.35,"Therapy","2010-12-13T00:00:00",FALSE,0,1000
"Oximetry",0.35,"Test","2010-12-13T00:00:00",FALSE,0,1000
"Pap Smear",0.35,"Test","2010-12-13T00:00:00",FALSE,0,1000
"Parathyroidectomy",0.35,"Therapy","2010-12-13T00:00:00",FALSE,0,1000
"Pediatric Epilepsy Surgery",0.35,"Therapy","2010-12-13T00:00:00",FALSE,0,1000
"Percutaneous Endoscopic Gastrostomy",0.35,"Therapy","2010-12-13T00:00:00",FALSE,0,1000
"Peripheral Blood Stem Cell Transplant",0.35,"Therapy","2010-12-13T00:00:00",FALSE,0,1000
"Pinworm Test",0.35,"Test","2010-12-13T00:00:00",FALSE,0,1000
"Prostate Specific Antigen",0.35,"Test","2010-12-13T00:00:00",FALSE,0,1000
"Proton Beam Therapy of Liver",0.35,"Therapy","2010-12-13T00:00:00",FALSE,0,1000
"Radiation Therapy",0.35,"Therapy","2010-12-13T00:00:00",FALSE,0,1000
"Radiofrequency Ablation",0.35,"Therapy","2010-12-13T00:00:00",FALSE,0,1000
"Rapid Strep Test",0.35,"Test","2010-12-13T00:00:00",FALSE,0,1000
"Rheumatoid Factor",0.35,"Test","2010-12-13T00:00:00",FALSE,0,1000
"Sedimentation Rate",0.35,"Test","2010-12-13T00:00:00",FALSE,0,1000
"Sentinel Lymph Node Biopsy",0.35,"Test","2010-12-13T00:00:00",FALSE,0,1000
"Sinus Surgery",0.35,"Therapy","2010-12-13T00:00:00",FALSE,0,1000
"Skin Biopsy",0.35,"Test","2010-12-13T00:00:00",FALSE,0,1000
"Skin Test For Allergy",0.35,"Test","2010-12-13T00:00:00",FALSE,0,1000
"Somnoplasty",0.35,"Therapy","2010-12-13T00:00:00",FALSE,0,1000
"Stool Acidity Test",0.35,"Test","2010-12-13T00:00:00",FALSE,0,1000
"Sweat Chloride Test",0.35,"Test","2010-12-13T00:00:00",FALSE,0,1000
"Thyroid Blood Tests",0.35,"Test","2010-12-13T00:00:00",FALSE,0,1000
"Thyroid Peroxidase Test",0.35,"Test","2010-12-13T00:00:00",FALSE,0,1000
"Thyroid Scan",0.35,"Test","2010-12-13T00:00:00",FALSE,0,1000
"Tilt-table Test",0.35,"Test","2010-12-13T00:00:00",FALSE,0,1000
"Tonometry",0.35,"Test","2010-12-13T00:00:00",FALSE,0,1000
"Tonsillectomy",0.35,"Therapy","2010-12-13T00:00:00",FALSE,0,1000
"Total Hip Replacement",0.35,"Therapy","2010-12-13T00:00:00",FALSE,0,1000
"Total Knee Replacement",0.35,"Therapy","2010-12-13T00:00:00",FALSE,0,1000
"Tracheostomy",0.35,"Therapy","2010-12-13T00:00:00",FALSE,0,1000
"Transjugular Intrahepatic Portosystemic Shunt",0.35,"Therapy","2010-12-13T00:00:00",FALSE,0,1000
"Triglyceride Test",0.35,"Test","2010-12-13T00:00:00",FALSE,0,1000
"Tuberculosis Skin Test (PPD Skin Test)",0.35,"Test","2010-12-13T00:00:00",FALSE,0,1000
"Ultrasound",0.35,"Test","2010-12-13T00:00:00",FALSE,0,1000
"Upper GI Series",0.35,"Test","2010-12-13T00:00:00",FALSE,0,1000
"Urea Breath Test",0.35,"Test","2010-12-13T00:00:00",FALSE,0,1000
"Urinalysis",0.35,"Test","2010-12-13T00:00:00",FALSE,0,1000
"Vasectomy",0.35,"Therapy","2010-12-13T00:00:00",FALSE,0,1000
"Visual Field Test",0.35,"Test","2010-12-13T00:00:00",FALSE,0,1000
